FRA;2014;TCC6503;C031020;700;10000001;0.00;2000.00;EUR;20140522
FRA;2014;TCC6503;C031023;401;10000001;0.00;6000.00;EUR;20140522
FRA;2014;TCC6503;C041180;700;10000001;0.00;1000.00;EUR;20140522
FRA;2014;TCC6503;C041198;501;10000001;0.00;2000.00;EUR;20140522
FRA;2014;TCC6503;C060408;601;10000001;0.00;2000.00;EUR;20140522
FRA;2014;TCC6503;C070341;700;10000001;0.00;500.00;EUR;20140522
FRA;2014;TCC6503;C080290;700;10000001;0.00;2000.00;EUR;20140522
FRA;2014;TCC6503;C080299;501;10000001;0.00;5000.00;EUR;20140522
FRA;2014;TCC6503;C090391;700;10000001;0.00;2000.00;EUR;20140522
FRA;2014;TCC6503;C090392;700;10000001;0.00;2000.00;EUR;20140522
FRA;2014;TCC6503;C120810;301;10000001;0.00;15000.00;EUR;20140522
FRA;2014;TCC6503;C130060;201;10000001;0.00;5000.00;EUR;20140522
FRA;2014;TCC6504;C051080;700;10000001;0.00;1000.00;EUR;20140522
FRA;2014;TCC6504;C070150;700;10000001;0.00;1000.00;EUR;20140522
FRA;2014;TCC6504;C080261;700;10000001;0.00;1000.00;EUR;20140522
FRA;2014;TCC6504;C090211;700;10000001;0.00;2000.00;EUR;20140522
FRA;2014;TCC6504;C090212;601;10000001;0.00;5000.00;EUR;20140522
FRA;2014;TCC6504;C090311;601;10000001;0.00;2000.00;EUR;20140522
FRA;2014;TCC6504;C100212;401;10000001;0.00;10000.00;EUR;20140522
FRA;2014;TCC6504;C100410;601;10000001;0.00;1000.00;EUR;20140522
FRA;2014;TCC6504;C110011;501;10000001;0.00;2000.00;EUR;20140522
FRA;2014;TCC6504;C110013;301;10000001;0.00;2000.00;EUR;20140522
FRA;2014;TCC6504;C110014;301;10000001;0.00;4000.00;EUR;20140522
FRA;2014;TCC6504;C120030;501;10000001;0.00;6000.00;EUR;20140522
FRA;2014;TCC6504;C120600;301;10000001;0.00;3000.00;EUR;20140522
FRA;2014;TCC6504;C130590;201;10000001;0.00;3000.00;EUR;20140522
FRA;2014;TCC6501;C010130;700;10000001;0.00;1000.00;EUR;20140522
FRA;2014;TCC6501;C041010;700;10000001;0.00;1000.00;EUR;20140522
FRA;2014;TCC6501;C051020;700;10000001;0.00;2000.00;EUR;20140522
FRA;2014;TCC6501;C051440;700;10000001;0.00;2000.00;EUR;20140522
FRA;2014;TCC6501;C080390;700;10000001;0.00;1000.00;EUR;20140522
FRA;2014;TCC6501;C090141;700;10000001;0.00;7000.00;EUR;20140522
FRA;2014;TCC6501;C090143;401;10000001;0.00;4000.00;EUR;20140522
FRA;2014;TCC6501;C100510;301;10000001;0.00;5000.00;EUR;20140522
FRA;2014;TCC6501;C100512;301;10000001;0.00;12000.00;EUR;20140522
FRA;2014;TCC6501;C100516;301;10000001;0.00;13000.00;EUR;20140522
FRA;2014;TCC6501;C100518;301;10000001;0.00;5000.00;EUR;20140522
FRA;2014;TCC6501;C130030;102;10000001;0.00;6000.00;EUR;20140522
FRA;2014;TCC6501;C120520;201;10000001;0.00;4000.00;EUR;20140522
FRA;2014;TCC6501;C130030;201;10000001;0.00;5000.00;EUR;20140522
FRA;2014;TCC6501;C120250;401;10000001;0.00;8000.00;EUR;20140522
FRA;2014;TCC6501;C120252;301;10000001;0.00;2000.00;EUR;20140522
FRA;2014;TCC6500;C051694;700;10000001;0.00;2000.00;EUR;20140522
FRA;2014;TCC6500;C051695;700;10000001;0.00;3000.00;EUR;20140522
FRA;2014;TCC6500;C060060;700;10000001;0.00;10000.00;EUR;20140522
FRA;2014;TCC6500;C060062;700;10000001;0.00;2000.00;EUR;20140522
FRA;2014;TCC6500;C100641;501;10000001;0.00;25000.00;EUR;20140522
FRA;2014;TCC6500;C100642;501;10000001;0.00;25000.00;EUR;20140522
FRA;2014;TCC6500;C110250;501;10000001;0.00;2000.00;EUR;20140522
FRA;2014;TCC6500;C110253;401;10000001;0.00;2000.00;EUR;20140522
FRA;2014;TCC6500;C110254;401;10000001;0.00;4000.00;EUR;20140522
FRA;2014;TCC6500;C120800;201;10000001;0.00;10000.00;EUR;20140522
FRA;2014;TCC6500;C130180;201;10000001;0.00;20000.00;EUR;20140522
FRA;2014;TCC6500;C130370;201;10000001;0.00;5000.00;EUR;20140522
FRA;2014;TCC6502;C130580;201;10000001;0.00;7000.00;EUR;20140522
FRA;2014;TCC6502;C130140;301;10000001;0.00;8000.00;EUR;20140522
FRA;2014;TCC6502;C110291;301;10000001;0.00;8000.00;EUR;20140522
FRA;2014;TCC6501;C100516;301;10000005;0.00;10000.00;EUR;20140522
FRA;2014;TCC6501;C100518;301;10000005;0.00;5000.00;EUR;20140522
FRA;2014;TCC6601;C070200;700;10000001;0.00;14000.00;EUR;20140522
FRA;2014;TCC6601;C120040;421;10000001;0.00;14000.00;EUR;20140522
FRA;2014;TCC6601;C120750;321;10000001;0.00;14000.00;EUR;20140522
FRA;2014;TCC6601;C130050;521;10000001;0.00;3500.00;EUR;20140522
FRA;2014;TCC6601;C130210;321;10000001;0.00;3500.00;EUR;20140522
FRA;2014;TCC6601;C130215;421;10000001;0.00;3500.00;EUR;20140522
FRA;2014;TCC6601;C130216;421;10000001;0.00;2100.00;EUR;20140522
FRA;2014;TCC6601;C130040;221;10000001;0.00;4200.00;EUR;20140522
FRA;2014;TCC6601;C010130;700;10000001;0.00;1400.00;EUR;20140522
FRA;2014;TCC6601;C041010;700;10000001;0.00;1400.00;EUR;20140522
FRA;2014;TCC6601;C051440;700;10000001;0.00;1400.00;EUR;20140522
FRA;2014;TCC6601;C090141;700;10000001;0.00;3500.00;EUR;20140522
FRA;2014;TCC6601;C090143;421;10000001;0.00;3500.00;EUR;20140522
FRA;2014;TCC6601;C100510;321;10000001;0.00;3500.00;EUR;20140522
FRA;2014;TCC6601;C100512;321;10000001;0.00;21000.00;EUR;20140522
FRA;2014;TCC6601;C100516;321;10000001;0.00;14000.00;EUR;20140522
FRA;2014;TCC6601;C100517;421;10000001;0.00;3500.00;EUR;20140522
FRA;2014;TCC6601;C100518;321;10000001;0.00;3500.00;EUR;20140522
FRA;2014;TCC6601;C130030;102;10000001;0.00;3500.00;EUR;20140522
FRA;2014;TCC6601;C120520;221;10000001;0.00;3500.00;EUR;20140522
FRA;2014;TCC6601;C130030;221;10000001;0.00;3500.00;EUR;20140522
FRA;2014;TCC6601;C120250;421;10000001;0.00;14000.00;EUR;20140522
FRA;2014;TCC6601;C051694;700;10000001;0.00;1400.00;EUR;20140522
FRA;2014;TCC6601;C051695;700;10000001;0.00;2100.00;EUR;20140522
FRA;2014;TCC6601;C100641;521;10000001;0.00;24500.00;EUR;20140522
FRA;2014;TCC6601;C100642;521;10000001;0.00;24500.00;EUR;20140522
FRA;2014;TCC6601;C100643;521;10000001;0.00;17500.00;EUR;20140522
FRA;2014;TCC6601;C110250;521;10000001;0.00;3500.00;EUR;20140522
FRA;2014;TCC6601;C110253;421;10000001;0.00;10500.00;EUR;20140522
FRA;2014;TCC6601;C110254;421;10000001;0.00;3500.00;EUR;20140522
FRA;2014;TCC6601;C120800;221;10000001;0.00;11200.00;EUR;20140522
FRA;2014;TCC6601;C130180;221;10000001;0.00;3500.00;EUR;20140522
FRA;2014;TCC6601;C130370;221;10000001;0.00;3500.00;EUR;20140522
FRA;2014;TCC6601;C130080;221;10000001;0.00;3500.00;EUR;20140522
FRA;2014;TCC6601;C020200;700;10000001;0.00;350.00;EUR;20140522
FRA;2014;TCC6601;C031020;700;10000001;0.00;350.00;EUR;20140522
FRA;2014;TCC6601;C031023;421;10000001;0.00;1750.00;EUR;20140522
FRA;2014;TCC6601;C041180;700;10000001;0.00;350.00;EUR;20140522
FRA;2014;TCC6601;C041198;521;10000001;0.00;350.00;EUR;20140522
FRA;2014;TCC6601;C060408;621;10000001;0.00;700.00;EUR;20140522
FRA;2014;TCC6601;C070341;700;10000001;0.00;350.00;EUR;20140522
FRA;2014;TCC6601;C080290;700;10000001;0.00;350.00;EUR;20140522
FRA;2014;TCC6601;C080299;521;10000001;0.00;700.00;EUR;20140522
FRA;2014;TCC6601;C090101;700;10000001;0.00;367.50;EUR;20140522
FRA;2014;TCC6601;C090105;700;10000001;0.00;1400.00;EUR;20140522
FRA;2014;TCC6601;C090391;700;10000001;0.00;350.00;EUR;20140522
FRA;2014;TCC6601;C090392;700;10000001;0.00;350.00;EUR;20140522
FRA;2014;TCC6601;C090399;521;10000001;0.00;1400.00;EUR;20140522
FRA;2014;TCC6601;C120810;321;10000001;0.00;2450.00;EUR;20140522
FRA;2014;TCC6601;C051080;700;10000001;0.00;1400.00;EUR;20140522
FRA;2014;TCC6601;C051160;700;10000001;0.00;1050.00;EUR;20140522
FRA;2014;TCC6601;C060701;700;10000001;0.00;350.00;EUR;20140522
FRA;2014;TCC6601;C070150;700;10000001;0.00;1050.00;EUR;20140522
FRA;2014;TCC6601;C080261;700;10000001;0.00;350.00;EUR;20140522
FRA;2014;TCC6601;C090211;700;10000001;0.00;1400.00;EUR;20140522
FRA;2014;TCC6601;C090212;621;10000001;0.00;350.00;EUR;20140522
FRA;2014;TCC6601;C090213;621;10000001;0.00;550.90;EUR;20140522
FRA;2014;TCC6601;C090214;700;10000001;0.00;350.00;EUR;20140522
FRA;2014;TCC6601;C090311;621;10000001;0.00;700.00;EUR;20140522
FRA;2014;TCC6601;C100090;700;10000001;0.00;700.00;EUR;20140522
FRA;2014;TCC6601;C100212;421;10000001;0.00;700.00;EUR;20140522
FRA;2014;TCC6601;C100410;621;10000001;0.00;1845.20;EUR;20140522
FRA;2014;TCC6601;C110011;521;10000001;0.00;587.30;EUR;20140522
FRA;2014;TCC6601;C110012;421;10000001;0.00;596.40;EUR;20140522
FRA;2014;TCC6601;C110013;321;10000001;0.00;531.30;EUR;20140522
FRA;2014;TCC6601;C110014;321;10000001;0.00;294.00;EUR;20140522
FRA;2014;TCC6601;C110015;321;10000001;0.00;31.50;EUR;20140522
FRA;2014;TCC6601;C120600;321;10000001;0.00;1400.00;EUR;20140522
FRA;2014;TCC6601;C130590;221;10000001;0.00;1050.00;EUR;20140522
FRA;2014;TCC6601;C110016;321;10000001;0.00;350.00;EUR;20140522
FRA;2014;TCC6601;C110571;421;10000001;0.00;1400.00;EUR;20140522
FRA;2014;TCC6601;C120441;421;10000001;0.00;1400.00;EUR;20140522
FRA;2014;TCC6601;C120481;421;10000001;0.00;1400.00;EUR;20140522
FRA;2014;TCC6602;C070200;700;10000001;0.00;1400.00;EUR;20140522
FRA;2014;TCC6602;C120040;421;10000001;0.00;1400.00;EUR;20140522
FRA;2014;TCC6602;C120750;321;10000001;0.00;1400.00;EUR;20140522
FRA;2014;TCC6602;C130050;521;10000001;0.00;350.00;EUR;20140522
FRA;2014;TCC6602;C130210;321;10000001;0.00;350.00;EUR;20140522
FRA;2014;TCC6602;C130215;421;10000001;0.00;350.00;EUR;20140522
FRA;2014;TCC6602;C130216;421;10000001;0.00;210.00;EUR;20140522
FRA;2014;TCC6602;C130040;221;10000001;0.00;420.00;EUR;20140522
FRA;2014;TCC6602;C010130;700;10000001;0.00;140.00;EUR;20140522
FRA;2014;TCC6602;C041010;700;10000001;0.00;140.00;EUR;20140522
FRA;2014;TCC6602;C051440;700;10000001;0.00;140.00;EUR;20140522
FRA;2014;TCC6602;C090141;700;10000001;0.00;350.00;EUR;20140522
FRA;2014;TCC6602;C090143;421;10000001;0.00;350.00;EUR;20140522
FRA;2014;TCC6602;C100510;321;10000001;0.00;350.00;EUR;20140522
FRA;2014;TCC6602;C100512;321;10000001;0.00;2100.00;EUR;20140522
FRA;2014;TCC6602;C100516;321;10000001;0.00;1400.00;EUR;20140522
FRA;2014;TCC6602;C100517;421;10000001;0.00;350.00;EUR;20140522
FRA;2014;TCC6602;C100518;321;10000001;0.00;350.00;EUR;20140522
FRA;2014;TCC6602;C130030;102;10000001;0.00;350.00;EUR;20140522
FRA;2014;TCC6602;C120520;221;10000001;0.00;350.00;EUR;20140522
FRA;2014;TCC6602;C130030;221;10000001;0.00;350.00;EUR;20140522
FRA;2014;TCC6602;C120250;421;10000001;0.00;1400.00;EUR;20140522
FRA;2014;TCC6602;C051694;700;10000001;0.00;140.00;EUR;20140522
FRA;2014;TCC6602;C051695;700;10000001;0.00;210.00;EUR;20140522
FRA;2014;TCC6602;C100641;521;10000001;0.00;2450.00;EUR;20140522
FRA;2014;TCC6602;C100642;521;10000001;0.00;2450.00;EUR;20140522
FRA;2014;TCC6602;C100643;521;10000001;0.00;1750.00;EUR;20140522
FRA;2014;TCC6602;C110250;521;10000001;0.00;350.00;EUR;20140522
FRA;2014;TCC6602;C110253;421;10000001;0.00;1050.00;EUR;20140522
FRA;2014;TCC6602;C110254;421;10000001;0.00;350.00;EUR;20140522
FRA;2014;TCC6602;C120800;221;10000001;0.00;1120.00;EUR;20140522
FRA;2014;TCC6602;C130180;221;10000001;0.00;350.00;EUR;20140522
FRA;2014;TCC6602;C130370;221;10000001;0.00;350.00;EUR;20140522
FRA;2014;TCC6602;C130080;221;10000001;0.00;350.00;EUR;20140522
FRA;2014;TCC6602;C020200;700;10000001;0.00;35.00;EUR;20140522
FRA;2014;TCC6602;C031020;700;10000001;0.00;35.00;EUR;20140522
FRA;2014;TCC6602;C031023;421;10000001;0.00;175.00;EUR;20140522
FRA;2014;TCC6602;C041180;700;10000001;0.00;35.00;EUR;20140522
FRA;2014;TCC6602;C041198;521;10000001;0.00;35.00;EUR;20140522
FRA;2014;TCC6602;C060408;621;10000001;0.00;70.00;EUR;20140522
FRA;2014;TCC6602;C070341;700;10000001;0.00;35.00;EUR;20140522
FRA;2014;TCC6602;C080290;700;10000001;0.00;35.00;EUR;20140522
FRA;2014;TCC6602;C080299;521;10000001;0.00;70.00;EUR;20140522
FRA;2014;TCC6602;C090101;700;10000001;0.00;36.75;EUR;20140522
FRA;2014;TCC6602;C090105;700;10000001;0.00;140.00;EUR;20140522
FRA;2014;TCC6602;C090391;700;10000001;0.00;35.00;EUR;20140522
FRA;2014;TCC6602;C090392;700;10000001;0.00;35.00;EUR;20140522
FRA;2014;TCC6602;C090399;521;10000001;0.00;140.00;EUR;20140522
FRA;2014;TCC6602;C120810;321;10000001;0.00;245.00;EUR;20140522
FRA;2014;TCC6602;C051080;700;10000001;0.00;140.00;EUR;20140522
FRA;2014;TCC6602;C051160;700;10000001;0.00;105.00;EUR;20140522
FRA;2014;TCC6602;C060701;700;10000001;0.00;35.00;EUR;20140522
FRA;2014;TCC6602;C070150;700;10000001;0.00;105.00;EUR;20140522
FRA;2014;TCC6602;C080261;700;10000001;0.00;35.00;EUR;20140522
FRA;2014;TCC6602;C090211;700;10000001;0.00;140.00;EUR;20140522
FRA;2014;TCC6602;C090212;621;10000001;0.00;35.00;EUR;20140522
FRA;2014;TCC6602;C090213;621;10000001;0.00;55.09;EUR;20140522
FRA;2014;TCC6602;C090214;700;10000001;0.00;35.00;EUR;20140522
FRA;2014;TCC6602;C090311;621;10000001;0.00;70.00;EUR;20140522
FRA;2014;TCC6602;C100090;700;10000001;0.00;70.00;EUR;20140522
FRA;2014;TCC6602;C100212;421;10000001;0.00;70.00;EUR;20140522
FRA;2014;TCC6602;C100410;621;10000001;0.00;184.52;EUR;20140522
FRA;2014;TCC6602;C110011;521;10000001;0.00;58.73;EUR;20140522
FRA;2014;TCC6602;C110012;421;10000001;0.00;59.64;EUR;20140522
FRA;2014;TCC6602;C110013;321;10000001;0.00;53.13;EUR;20140522
FRA;2014;TCC6602;C110014;321;10000001;0.00;29.40;EUR;20140522
FRA;2014;TCC6602;C110015;321;10000001;0.00;3.15;EUR;20140522
FRA;2014;TCC6602;C120600;321;10000001;0.00;140.00;EUR;20140522
FRA;2014;TCC6602;C130590;221;10000001;0.00;105.00;EUR;20140522
FRA;2014;TCC6602;C110016;321;10000001;0.00;35.00;EUR;20140522
FRA;2014;TCC6602;C110571;421;10000001;0.00;140.00;EUR;20140522
FRA;2014;TCC6602;C120441;421;10000001;0.00;140.00;EUR;20140522
FRA;2014;TCC6602;C120481;421;10000001;0.00;140.00;EUR;20140522
FRA;2014;TCC6603;C070200;700;10000001;0.00;4000.00;EUR;20140522
FRA;2014;TCC6603;C120040;421;10000001;0.00;4000.00;EUR;20140522
FRA;2014;TCC6603;C120750;321;10000001;0.00;4000.00;EUR;20140522
FRA;2014;TCC6603;C130050;521;10000001;0.00;1000.00;EUR;20140522
FRA;2014;TCC6603;C130210;321;10000001;0.00;1000.00;EUR;20140522
FRA;2014;TCC6603;C130215;421;10000001;0.00;1000.00;EUR;20140522
FRA;2014;TCC6603;C130216;421;10000001;0.00;600.00;EUR;20140522
FRA;2014;TCC6603;C130040;221;10000001;0.00;1200.00;EUR;20140522
FRA;2014;TCC6603;C010130;700;10000001;0.00;400.00;EUR;20140522
FRA;2014;TCC6603;C041010;700;10000001;0.00;400.00;EUR;20140522
FRA;2014;TCC6603;C051440;700;10000001;0.00;400.00;EUR;20140522
FRA;2014;TCC6603;C090141;700;10000001;0.00;1000.00;EUR;20140522
FRA;2014;TCC6603;C090143;421;10000001;0.00;1000.00;EUR;20140522
FRA;2014;TCC6603;C100510;321;10000001;0.00;1000.00;EUR;20140522
FRA;2014;TCC6603;C100512;321;10000001;0.00;6000.00;EUR;20140522
FRA;2014;TCC6603;C100516;321;10000001;0.00;4000.00;EUR;20140522
FRA;2014;TCC6603;C100517;421;10000001;0.00;1000.00;EUR;20140522
FRA;2014;TCC6603;C100518;321;10000001;0.00;1000.00;EUR;20140522
FRA;2014;TCC6603;C130030;102;10000001;0.00;1000.00;EUR;20140522
FRA;2014;TCC6603;C120520;221;10000001;0.00;1000.00;EUR;20140522
FRA;2014;TCC6603;C130030;221;10000001;0.00;1000.00;EUR;20140522
FRA;2014;TCC6603;C120250;421;10000001;0.00;4000.00;EUR;20140522
FRA;2014;TCC6603;C051694;700;10000001;0.00;400.00;EUR;20140522
FRA;2014;TCC6603;C051695;700;10000001;0.00;600.00;EUR;20140522
FRA;2014;TCC6603;C100641;521;10000001;0.00;7000.00;EUR;20140522
FRA;2014;TCC6603;C100642;521;10000001;0.00;7000.00;EUR;20140522
FRA;2014;TCC6603;C110250;521;10000001;0.00;1000.00;EUR;20140522
FRA;2014;TCC6603;C110253;421;10000001;0.00;3000.00;EUR;20140522
FRA;2014;TCC6603;C110254;421;10000001;0.00;1000.00;EUR;20140522
FRA;2014;TCC6603;C120800;221;10000001;0.00;3200.00;EUR;20140522
FRA;2014;TCC6603;C130180;221;10000001;0.00;1000.00;EUR;20140522
FRA;2014;TCC6603;C130370;221;10000001;0.00;1000.00;EUR;20140522
FRA;2014;TCC6603;C130080;221;10000001;0.00;1000.00;EUR;20140522
FRA;2014;TCC6603;C020200;700;10000001;0.00;100.00;EUR;20140522
FRA;2014;TCC6603;C031020;700;10000001;0.00;100.00;EUR;20140522
FRA;2014;TCC6603;C031023;421;10000001;0.00;500.00;EUR;20140522
FRA;2014;TCC6603;C041180;700;10000001;0.00;100.00;EUR;20140522
FRA;2014;TCC6603;C041198;521;10000001;0.00;100.00;EUR;20140522
FRA;2014;TCC6603;C060408;621;10000001;0.00;200.00;EUR;20140522
FRA;2014;TCC6603;C070341;700;10000001;0.00;100.00;EUR;20140522
FRA;2014;TCC6603;C080290;700;10000001;0.00;100.00;EUR;20140522
FRA;2014;TCC6603;C080299;521;10000001;0.00;200.00;EUR;20140522
FRA;2014;TCC6603;C090101;700;10000001;0.00;105.00;EUR;20140522
FRA;2014;TCC6603;C090105;700;10000001;0.00;400.00;EUR;20140522
FRA;2014;TCC6603;C090391;700;10000001;0.00;100.00;EUR;20140522
FRA;2014;TCC6603;C090392;700;10000001;0.00;100.00;EUR;20140522
FRA;2014;TCC6603;C090399;521;10000001;0.00;400.00;EUR;20140522
FRA;2014;TCC6603;C120810;321;10000001;0.00;700.00;EUR;20140522
FRA;2014;TCC6603;C051080;700;10000001;0.00;400.00;EUR;20140522
FRA;2014;TCC6603;C051160;700;10000001;0.00;300.00;EUR;20140522
FRA;2014;TCC6603;C060701;700;10000001;0.00;100.00;EUR;20140522
FRA;2014;TCC6603;C070150;700;10000001;0.00;300.00;EUR;20140522
FRA;2014;TCC6603;C080261;700;10000001;0.00;100.00;EUR;20140522
FRA;2014;TCC6603;C090211;700;10000001;0.00;400.00;EUR;20140522
FRA;2014;TCC6603;C090212;621;10000001;0.00;100.00;EUR;20140522
FRA;2014;TCC6603;C090213;621;10000001;0.00;157.40;EUR;20140522
FRA;2014;TCC6603;C090214;700;10000001;0.00;100.00;EUR;20140522
FRA;2014;TCC6603;C090311;621;10000001;0.00;200.00;EUR;20140522
FRA;2014;TCC6603;C100090;700;10000001;0.00;200.00;EUR;20140522
FRA;2014;TCC6603;C100212;421;10000001;0.00;200.00;EUR;20140522
FRA;2014;TCC6603;C100410;621;10000001;0.00;527.20;EUR;20140522
FRA;2014;TCC6603;C110011;521;10000001;0.00;167.80;EUR;20140522
FRA;2014;TCC6603;C110012;421;10000001;0.00;170.40;EUR;20140522
FRA;2014;TCC6603;C110013;321;10000001;0.00;151.80;EUR;20140522
FRA;2014;TCC6603;C110014;321;10000001;0.00;84.00;EUR;20140522
FRA;2014;TCC6603;C110015;321;10000001;0.00;9.00;EUR;20140522
FRA;2014;TCC6603;C120600;321;10000001;0.00;400.00;EUR;20140522
FRA;2014;TCC6603;C130590;221;10000001;0.00;300.00;EUR;20140522
FRA;2014;TCC6603;C110016;321;10000001;0.00;100.00;EUR;20140522
FRA;2014;TCC6605;C070200;700;10000001;0.00;600.00;EUR;20140522
FRA;2014;TCC6605;C120040;421;10000001;0.00;600.00;EUR;20140522
FRA;2014;TCC6605;C120750;321;10000001;0.00;600.00;EUR;20140522
FRA;2014;TCC6605;C130050;521;10000001;0.00;150.00;EUR;20140522
FRA;2014;TCC6605;C130210;321;10000001;0.00;150.00;EUR;20140522
FRA;2014;TCC6605;C130215;421;10000001;0.00;150.00;EUR;20140522
FRA;2014;TCC6605;C130216;421;10000001;0.00;90.00;EUR;20140522
FRA;2014;TCC6605;C130040;221;10000001;0.00;180.00;EUR;20140522
FRA;2014;TCC6605;C010130;700;10000001;0.00;60.00;EUR;20140522
FRA;2014;TCC6605;C041010;700;10000001;0.00;60.00;EUR;20140522
FRA;2014;TCC6605;C051440;700;10000001;0.00;60.00;EUR;20140522
FRA;2014;TCC6605;C090141;700;10000001;0.00;150.00;EUR;20140522
FRA;2014;TCC6605;C090143;421;10000001;0.00;150.00;EUR;20140522
FRA;2014;TCC6605;C100510;321;10000001;0.00;150.00;EUR;20140522
FRA;2014;TCC6605;C100512;321;10000001;0.00;900.00;EUR;20140522
FRA;2014;TCC6605;C100516;321;10000001;0.00;600.00;EUR;20140522
FRA;2014;TCC6605;C100517;421;10000001;0.00;150.00;EUR;20140522
FRA;2014;TCC6605;C100518;321;10000001;0.00;150.00;EUR;20140522
FRA;2014;TCC6605;C130030;102;10000001;0.00;150.00;EUR;20140522
FRA;2014;TCC6605;C120520;221;10000001;0.00;150.00;EUR;20140522
FRA;2014;TCC6605;C130030;221;10000001;0.00;150.00;EUR;20140522
FRA;2014;TCC6605;C120250;421;10000001;0.00;600.00;EUR;20140522
FRA;2014;TCC6605;C051694;700;10000001;0.00;60.00;EUR;20140522
FRA;2014;TCC6605;C051695;700;10000001;0.00;90.00;EUR;20140522
FRA;2014;TCC6605;C100641;521;10000001;0.00;1050.00;EUR;20140522
FRA;2014;TCC6605;C100642;521;10000001;0.00;1050.00;EUR;20140522
FRA;2014;TCC6605;C100643;521;10000001;0.00;750.00;EUR;20140522
FRA;2014;TCC6605;C110250;521;10000001;0.00;150.00;EUR;20140522
FRA;2014;TCC6605;C110253;421;10000001;0.00;450.00;EUR;20140522
FRA;2014;TCC6605;C110254;421;10000001;0.00;150.00;EUR;20140522
FRA;2014;TCC6605;C120800;221;10000001;0.00;480.00;EUR;20140522
FRA;2014;TCC6605;C130180;221;10000001;0.00;150.00;EUR;20140522
FRA;2014;TCC6605;C130370;221;10000001;0.00;150.00;EUR;20140522
FRA;2014;TCC6605;C130080;221;10000001;0.00;150.00;EUR;20140522
FRA;2014;TCC6605;C020200;700;10000001;0.00;15.00;EUR;20140522
FRA;2014;TCC6605;C031020;700;10000001;0.00;15.00;EUR;20140522
FRA;2014;TCC6605;C031023;421;10000001;0.00;75.00;EUR;20140522
FRA;2014;TCC6605;C041180;700;10000001;0.00;15.00;EUR;20140522
FRA;2014;TCC6605;C041198;521;10000001;0.00;15.00;EUR;20140522
FRA;2014;TCC6605;C060408;621;10000001;0.00;30.00;EUR;20140522
FRA;2014;TCC6605;C070341;700;10000001;0.00;15.00;EUR;20140522
FRA;2014;TCC6605;C080290;700;10000001;0.00;15.00;EUR;20140522
FRA;2014;TCC6605;C080299;521;10000001;0.00;30.00;EUR;20140522
FRA;2014;TCC6605;C090101;700;10000001;0.00;15.75;EUR;20140522
FRA;2014;TCC6605;C090105;700;10000001;0.00;60.00;EUR;20140522
FRA;2014;TCC6605;C090391;700;10000001;0.00;15.00;EUR;20140522
FRA;2014;TCC6605;C090392;700;10000001;0.00;15.00;EUR;20140522
FRA;2014;TCC6605;C090399;521;10000001;0.00;60.00;EUR;20140522
FRA;2014;TCC6605;C120810;321;10000001;0.00;105.00;EUR;20140522
FRA;2014;TCC6605;C051080;700;10000001;0.00;60.00;EUR;20140522
FRA;2014;TCC6605;C051160;700;10000001;0.00;45.00;EUR;20140522
FRA;2014;TCC6605;C060701;700;10000001;0.00;15.00;EUR;20140522
FRA;2014;TCC6605;C070150;700;10000001;0.00;45.00;EUR;20140522
FRA;2014;TCC6605;C080261;700;10000001;0.00;15.00;EUR;20140522
FRA;2014;TCC6605;C090211;700;10000001;0.00;60.00;EUR;20140522
FRA;2014;TCC6605;C090212;621;10000001;0.00;15.00;EUR;20140522
FRA;2014;TCC6605;C090213;621;10000001;0.00;23.61;EUR;20140522
FRA;2014;TCC6605;C090214;700;10000001;0.00;15.00;EUR;20140522
FRA;2014;TCC6605;C090311;621;10000001;0.00;30.00;EUR;20140522
FRA;2014;TCC6605;C100090;700;10000001;0.00;30.00;EUR;20140522
FRA;2014;TCC6605;C100212;421;10000001;0.00;30.00;EUR;20140522
FRA;2014;TCC6605;C100410;621;10000001;0.00;79.08;EUR;20140522
FRA;2014;TCC6605;C110011;521;10000001;0.00;25.17;EUR;20140522
FRA;2014;TCC6605;C110012;421;10000001;0.00;25.56;EUR;20140522
FRA;2014;TCC6605;C110013;321;10000001;0.00;22.77;EUR;20140522
FRA;2014;TCC6605;C110014;321;10000001;0.00;12.60;EUR;20140522
FRA;2014;TCC6605;C110015;321;10000001;0.00;1.35;EUR;20140522
FRA;2014;TCC6605;C120600;321;10000001;0.00;60.00;EUR;20140522
FRA;2014;TCC6605;C130590;221;10000001;0.00;45.00;EUR;20140522
FRA;2014;TCC6605;C110016;321;10000001;0.00;15.00;EUR;20140522
FRA;2014;TCC6605;C110571;421;10000001;0.00;60.00;EUR;20140522
FRA;2014;TCC6605;C120441;421;10000001;0.00;60.00;EUR;20140522
FRA;2014;TCC6605;C120481;421;10000001;0.00;60.00;EUR;20140522
FRA;2014;TCC6601;C100512;321;10000005;0.00;60000.00;EUR;20140522
FRA;2014;TCC6601;C100516;321;10000005;0.00;10000.00;EUR;20140522
FRA;2014;TCC6601;C110254;421;10000005;0.00;27000.00;EUR;20140522
FRA;2014;TCC6601;C120800;221;10000005;0.00;45000.00;EUR;20140522
FRA;2014;TCC6601;C120810;321;10000005;0.00;84000.00;EUR;20140522
FRA;2014;TCC6601;C100410;621;10000005;0.00;7816.00;EUR;20140522
FRA;2014;TCC6605;C120750;321;10000005;0.00;50000.00;EUR;20140522
FRA;2014;TCC6605;C130040;221;10000005;0.00;100000.00;EUR;20140522
FRA;2014;TCC6605;C051440;700;10000005;0.00;4500.00;EUR;20140522
FRA;2014;TCC6605;C090141;700;10000005;0.00;65000.00;EUR;20140522
FRA;2014;TCC6605;C090143;421;10000005;0.00;40000.00;EUR;20140522
FRA;2014;TCC6605;C100511;421;10000005;0.00;140000.00;EUR;20140522
FRA;2014;TCC6605;C100515;321;10000005;0.00;60000.00;EUR;20140522
FRA;2014;TCC6605;C100516;321;10000005;0.00;25000.00;EUR;20140522
FRA;2014;TCC6605;C120520;221;10000005;0.00;50000.00;EUR;20140522
FRA;2014;TCC6605;C110253;421;10000005;0.00;30000.00;EUR;20140522
FRA;2014;TCC6605;C120800;221;10000005;0.00;60000.00;EUR;20140522
FRA;2014;TCC6605;C130180;221;10000005;0.00;50000.00;EUR;20140522
FRA;2014;TCC6605;C130370;221;10000005;0.00;267000.00;EUR;20140522
FRA;2014;TCC6605;C031023;421;10000005;0.00;53000.00;EUR;20140522
FRA;2014;TCC6605;C041198;521;10000005;0.00;21000.00;EUR;20140522
FRA;2014;TCC6605;C060408;621;10000005;0.00;3000.00;EUR;20140522
FRA;2014;TCC6605;C080290;700;10000005;0.00;200000.00;EUR;20140522
FRA;2014;TCC6605;C080297;521;10000005;0.00;3000.00;EUR;20140522
FRA;2014;TCC6605;C080298;521;10000005;0.00;8500.00;EUR;20140522
FRA;2014;TCC6605;C090399;521;10000005;0.00;4286.00;EUR;20140522
FRA;2014;TCC6605;C100212;421;10000005;0.00;20000.00;EUR;20140522
FRA;2014;TCC6605;C110011;521;10000005;0.00;7000.00;EUR;20140522
FRA;2014;TCC6605;C110012;421;10000005;0.00;15403.00;EUR;20140522
FRA;2014;TCC6605;C110013;321;10000005;0.00;43770.00;EUR;20140522
FRA;2014;TCC6605;C110014;321;10000005;0.00;19005.00;EUR;20140522
FRA;2014;TCC6605;C110015;321;10000005;0.00;1566.00;EUR;20140522
FRA;2014;TCC6605;C120030;521;10000005;0.00;10000.00;EUR;20140522
FRA;2014;TCC6605;C110016;321;10000005;0.00;5000.00;EUR;20140522
FRA;2014;TCC6605;C130580;221;10000005;0.00;13333.33;EUR;20140522
FRA;2014;TCC6604;C070208;521;10000002;0.00;18000.00;EUR;20140522
FRA;2014;TCC6604;C130210;321;10000002;0.00;900.00;EUR;20140522
FRA;2014;TCC6604;C051440;700;10000002;0.00;1800.00;EUR;20140522
FRA;2014;TCC6604;C100512;321;10000002;0.00;259200.00;EUR;20140522
FRA;2014;TCC6604;C100516;321;10000002;0.00;13500.00;EUR;20140522
FRA;2014;TCC6604;C100518;321;10000002;0.00;58500.00;EUR;20140522
FRA;2014;TCC6604;C130030;102;10000002;0.00;63000.00;EUR;20140522
FRA;2014;TCC6604;C120520;221;10000002;0.00;162000.00;EUR;20140522
FRA;2014;TCC6604;C130030;221;10000002;0.00;90000.00;EUR;20140522
FRA;2014;TCC6604;C100642;521;10000002;0.00;130500.00;EUR;20140522
FRA;2014;TCC6604;C110254;421;10000002;0.00;11700.00;EUR;20140522
FRA;2014;TCC6604;C120800;221;10000002;0.00;9000.00;EUR;20140522
FRA;2014;TCC6604;C130370;221;10000002;0.00;270000.00;EUR;20140522
FRA;2014;TCC6604;C130300;321;10000002;0.00;180000.00;EUR;20140522
FRA;2014;TCC6604;C130080;221;10000002;0.00;180000.00;EUR;20140522
FRA;2014;TCC6604;C090101;700;10000002;0.00;4500.00;EUR;20140522
FRA;2014;TCC6604;C090105;700;10000002;0.00;900.00;EUR;20140522
FRA;2014;TCC6604;C120810;321;10000002;0.00;27000.00;EUR;20140522
FRA;2014;TCC6604;C130060;221;10000002;0.00;225000.00;EUR;20140522
FRA;2014;TCC6604;C051080;700;10000002;0.00;4500.00;EUR;20140522
FRA;2014;TCC6604;C090211;700;10000002;0.00;4500.00;EUR;20140522
FRA;2014;TCC6604;C100212;421;10000002;0.00;18000.00;EUR;20140522
FRA;2014;TCC6604;C100410;621;10000002;0.00;4500.00;EUR;20140522
FRA;2014;TCC6604;C110014;321;10000002;0.00;2970.00;EUR;20140522
FRA;2014;TCC6604;C120030;521;10000002;0.00;9000.00;EUR;20140522
FRA;2014;TCC6604;C120600;321;10000002;0.00;1800.00;EUR;20140522
FRA;2014;TCC6604;C130590;221;10000002;0.00;4500.00;EUR;20140522
FRA;2014;TCC6604;C110016;321;10000002;0.00;9000.00;EUR;20140522
FRA;2014;TCC6604;C130580;221;10000002;0.00;76400.00;EUR;20140522
FRA;2014;TCC6604;C070208;521;10000003;0.00;72000.00;EUR;20140522
FRA;2014;TCC6604;C130210;321;10000003;0.00;32400.00;EUR;20140522
FRA;2014;TCC6604;C130215;421;10000003;0.00;36000.00;EUR;20140522
FRA;2014;TCC6604;C130216;421;10000003;0.00;4500.00;EUR;20140522
FRA;2014;TCC6604;C130030;102;10000003;0.00;10800.00;EUR;20140522
FRA;2014;TCC6604;C120520;221;10000003;0.00;351000.00;EUR;20140522
FRA;2014;TCC6604;C120800;221;10000003;0.00;63000.00;EUR;20140522
FRA;2014;TCC6604;C130370;221;10000003;0.00;720000.00;EUR;20140522
FRA;2014;TCC6604;C130300;321;10000003;0.00;180000.00;EUR;20140522
FRA;2014;TCC6604;C130080;221;10000003;0.00;180000.00;EUR;20140522
FRA;2014;TCC6604;C120810;321;10000003;0.00;13500.00;EUR;20140522
FRA;2014;TCC6604;C110014;321;10000003;0.00;1503.00;EUR;20140522
FRA;2014;TCC6604;C130580;221;10000003;0.00;91200.00;EUR;20140522
FRA;2014;TCC6101;C070200;700;10000001;0.00;5000.00;EUR;20140522
FRA;2014;TCC6101;C070208;531;10000001;0.00;1520.00;EUR;20140522
FRA;2014;TCC6101;C120040;431;10000001;0.00;4000.00;EUR;20140522
FRA;2014;TCC6101;C120750;331;10000001;0.00;12000.00;EUR;20140522
FRA;2014;TCC6101;C130010;431;10000001;0.00;4000.00;EUR;20140522
FRA;2014;TCC6101;C130050;531;10000001;0.00;1368.00;EUR;20140522
FRA;2014;TCC6101;C130210;331;10000001;0.00;456.00;EUR;20140522
FRA;2014;TCC6101;C130211;531;10000001;0.00;380.00;EUR;20140522
FRA;2014;TCC6101;C130216;431;10000001;0.00;1520.00;EUR;20140522
FRA;2014;TCC6101;C130040;231;10000001;0.00;3000.00;EUR;20140522
FRA;2014;TCC6101;C041010;700;10000001;0.00;152.00;EUR;20140522
FRA;2014;TCC6101;C051020;700;10000001;0.00;1502.90;EUR;20140522
FRA;2014;TCC6101;C051440;700;10000001;0.00;1941.80;EUR;20140522
FRA;2014;TCC6101;C080050;700;10000001;0.00;380.00;EUR;20140522
FRA;2014;TCC6101;C080052;700;10000001;0.00;1520.00;EUR;20140522
FRA;2014;TCC6101;C080053;431;10000001;0.00;760.00;EUR;20140522
FRA;2014;TCC6101;C080390;700;10000001;0.00;912.00;EUR;20140522
FRA;2014;TCC6101;C090143;431;10000001;0.00;2000.00;EUR;20140522
FRA;2014;TCC6101;C100510;331;10000001;0.00;8000.00;EUR;20140522
FRA;2014;TCC6101;C100512;331;10000001;0.00;10000.00;EUR;20140522
FRA;2014;TCC6101;C100516;331;10000001;0.00;10000.00;EUR;20140522
FRA;2014;TCC6101;C130030;102;10000001;0.00;2000.00;EUR;20140522
FRA;2014;TCC6101;C120520;231;10000001;0.00;3800.00;EUR;20140522
FRA;2014;TCC6101;C130030;231;10000001;0.00;4560.00;EUR;20140522
FRA;2014;TCC6101;C120250;431;10000001;0.00;7600.00;EUR;20140522
FRA;2014;TCC6101;C120252;331;10000001;0.00;1520.00;EUR;20140522
FRA;2014;TCC6101;C051694;700;10000001;0.00;760.00;EUR;20140522
FRA;2014;TCC6101;C051695;700;10000001;0.00;760.00;EUR;20140522
FRA;2014;TCC6101;C100641;531;10000001;0.00;5000.00;EUR;20140522
FRA;2014;TCC6101;C100642;531;10000001;0.00;5000.00;EUR;20140522
FRA;2014;TCC6101;C100643;531;10000001;0.00;5000.00;EUR;20140522
FRA;2014;TCC6101;C110250;531;10000001;0.00;2705.60;EUR;20140522
FRA;2014;TCC6101;C110253;431;10000001;0.00;8000.00;EUR;20140522
FRA;2014;TCC6101;C110254;431;10000001;0.00;9000.00;EUR;20140522
FRA;2014;TCC6101;C120800;231;10000001;0.00;5000.00;EUR;20140522
FRA;2014;TCC6101;C130180;231;10000001;0.00;6000.00;EUR;20140522
FRA;2014;TCC6101;C130370;231;10000001;0.00;11764.80;EUR;20140522
FRA;2014;TCC6101;C130300;331;10000001;0.00;7668.40;EUR;20140522
FRA;2014;TCC6101;C130080;231;10000001;0.00;7668.40;EUR;20140522
FRA;2014;TCC6101;C031020;700;10000001;0.00;304.00;EUR;20140522
FRA;2014;TCC6101;C031023;431;10000001;0.00;8360.00;EUR;20140522
FRA;2014;TCC6101;C041180;700;10000001;0.00;304.00;EUR;20140522
FRA;2014;TCC6101;C041198;531;10000001;0.00;152.00;EUR;20140522
FRA;2014;TCC6101;C060408;631;10000001;0.00;45.60;EUR;20140522
FRA;2014;TCC6101;C080297;531;10000001;0.00;760.00;EUR;20140522
FRA;2014;TCC6101;C080298;531;10000001;0.00;1482.00;EUR;20140522
FRA;2014;TCC6101;C080299;531;10000001;0.00;182.40;EUR;20140522
FRA;2014;TCC6101;C090101;700;10000001;0.00;1634.00;EUR;20140522
FRA;2014;TCC6101;C090106;631;10000001;0.00;76.00;EUR;20140522
FRA;2014;TCC6101;C090399;531;10000001;0.00;744.80;EUR;20140522
FRA;2014;TCC6101;C120810;331;10000001;0.00;6160.00;EUR;20140522
FRA;2014;TCC6101;C051080;700;10000001;0.00;304.00;EUR;20140522
FRA;2014;TCC6101;C090213;631;10000001;0.00;410.40;EUR;20140522
FRA;2014;TCC6101;C090311;631;10000001;0.00;1520.00;EUR;20140522
FRA;2014;TCC6101;C100212;431;10000001;0.00;7600.00;EUR;20140522
FRA;2014;TCC6101;C100410;631;10000001;0.00;904.40;EUR;20140522
FRA;2014;TCC6101;C110011;531;10000001;0.00;3579.60;EUR;20140522
FRA;2014;TCC6101;C110012;431;10000001;0.00;2415.60;EUR;20140522
FRA;2014;TCC6101;C110013;331;10000001;0.00;3760.80;EUR;20140522
FRA;2014;TCC6101;C110014;331;10000001;0.00;4696.80;EUR;20140522
FRA;2014;TCC6101;C110015;331;10000001;0.00;530.80;EUR;20140522
FRA;2014;TCC6101;C120030;531;10000001;0.00;3040.00;EUR;20140522
FRA;2014;TCC6101;C120600;331;10000001;0.00;3800.00;EUR;20140522
FRA;2014;TCC6101;C130590;231;10000001;0.00;3840.00;EUR;20140522
FRA;2014;TCC6101;C110016;331;10000001;0.00;304.00;EUR;20140522
FRA;2014;TCC6101;C130580;231;10000001;0.00;1000.00;EUR;20140522
FRA;2014;TCC6101;C110571;431;10000001;0.00;760.00;EUR;20140522
FRA;2014;TCC6101;C120441;431;10000001;0.00;1641.60;EUR;20140522
FRA;2014;TCC6101;C120481;431;10000001;0.00;2386.40;EUR;20140522
FRA;2014;TCC6101;C130140;331;10000001;0.00;5578.40;EUR;20140522
FRA;2014;TCC6101;C110291;331;10000001;0.00;1337.60;EUR;20140522
FRA;2014;TCC6101;C120721;431;10000001;0.00;760.00;EUR;20140522
FRA;2014;TCC6102;C070208;531;10000001;0.00;2000.00;EUR;20140522
FRA;2014;TCC6102;C120040;431;10000001;0.00;4000.00;EUR;20140522
FRA;2014;TCC6102;C130010;431;10000001;0.00;3000.00;EUR;20140522
FRA;2014;TCC6102;C130040;231;10000001;0.00;3000.00;EUR;20140522
FRA;2014;TCC6102;C051440;700;10000001;0.00;851.20;EUR;20140522
FRA;2014;TCC6102;C100511;431;10000001;0.00;8000.00;EUR;20140522
FRA;2014;TCC6102;C100513;331;10000001;0.00;12000.00;EUR;20140522
FRA;2014;TCC6102;C100515;331;10000001;0.00;5000.00;EUR;20140522
FRA;2014;TCC6102;C100517;431;10000001;0.00;10000.00;EUR;20140522
FRA;2014;TCC6102;C100518;331;10000001;0.00;5000.00;EUR;20140522
FRA;2014;TCC6102;C130030;102;10000001;0.00;1520.00;EUR;20140522
FRA;2014;TCC6102;C120520;231;10000001;0.00;10000.00;EUR;20140522
FRA;2014;TCC6102;C130030;231;10000001;0.00;1520.00;EUR;20140522
FRA;2014;TCC6102;C120250;431;10000001;0.00;5700.00;EUR;20140522
FRA;2014;TCC6102;C120252;331;10000001;0.00;760.00;EUR;20140522
FRA;2014;TCC6102;C110250;531;10000001;0.00;2432.00;EUR;20140522
FRA;2014;TCC6102;C110253;431;10000001;0.00;7980.00;EUR;20140522
FRA;2014;TCC6102;C120800;231;10000001;0.00;7000.00;EUR;20140522
FRA;2014;TCC6102;C130180;231;10000001;0.00;11000.00;EUR;20140522
FRA;2014;TCC6102;C130370;231;10000001;0.00;11400.00;EUR;20140522
FRA;2014;TCC6102;C031020;700;10000001;0.00;1500.00;EUR;20140522
FRA;2014;TCC6102;C031023;431;10000001;0.00;6536.00;EUR;20140522
FRA;2014;TCC6102;C041180;700;10000001;0.00;836.00;EUR;20140522
FRA;2014;TCC6102;C070341;700;10000001;0.00;304.00;EUR;20140522
FRA;2014;TCC6102;C080297;531;10000001;0.00;228.00;EUR;20140522
FRA;2014;TCC6102;C080298;531;10000001;0.00;1672.00;EUR;20140522
FRA;2014;TCC6102;C090101;700;10000001;0.00;760.00;EUR;20140522
FRA;2014;TCC6102;C090399;531;10000001;0.00;456.00;EUR;20140522
FRA;2014;TCC6102;C120810;331;10000001;0.00;11400.00;EUR;20140522
FRA;2014;TCC6102;C080261;700;10000001;0.00;456.00;EUR;20140522
FRA;2014;TCC6102;C090211;700;10000001;0.00;836.00;EUR;20140522
FRA;2014;TCC6102;C090212;631;10000001;0.00;836.00;EUR;20140522
FRA;2014;TCC6102;C090213;631;10000001;0.00;197.60;EUR;20140522
FRA;2014;TCC6102;C090214;700;10000001;0.00;456.00;EUR;20140522
FRA;2014;TCC6102;C090311;631;10000001;0.00;1216.00;EUR;20140522
FRA;2014;TCC6102;C100212;431;10000001;0.00;4560.00;EUR;20140522
FRA;2014;TCC6102;C100410;631;10000001;0.00;706.80;EUR;20140522
FRA;2014;TCC6102;C110011;531;10000001;0.00;2690.40;EUR;20140522
FRA;2014;TCC6102;C110012;431;10000001;0.00;3344.00;EUR;20140522
FRA;2014;TCC6102;C110013;331;10000001;0.00;9431.60;EUR;20140522
FRA;2014;TCC6102;C110014;331;10000001;0.00;7843.20;EUR;20140522
FRA;2014;TCC6102;C110015;331;10000001;0.00;1208.40;EUR;20140522
FRA;2014;TCC6102;C120030;531;10000001;0.00;2280.00;EUR;20140522
FRA;2014;TCC6102;C120600;331;10000001;0.00;3800.00;EUR;20140522
FRA;2014;TCC6102;C130590;231;10000001;0.00;6840.00;EUR;20140522
FRA;2014;TCC6102;C110291;331;10000001;0.00;2196.40;EUR;20140522
FRA;2014;TCC6103;C070208;531;10000001;0.00;2000.00;EUR;20140522
FRA;2014;TCC6103;C120040;431;10000001;0.00;4000.00;EUR;20140522
FRA;2014;TCC6103;C130010;431;10000001;0.00;3000.00;EUR;20140522
FRA;2014;TCC6103;C130050;531;10000001;0.00;2000.00;EUR;20140522
FRA;2014;TCC6103;C130210;331;10000001;0.00;1368.00;EUR;20140522
FRA;2014;TCC6103;C130216;431;10000001;0.00;684.00;EUR;20140522
FRA;2014;TCC6103;C130040;231;10000001;0.00;3000.00;EUR;20140522
FRA;2014;TCC6103;C051440;700;10000001;0.00;1276.80;EUR;20140522
FRA;2014;TCC6103;C080053;431;10000001;0.00;1140.00;EUR;20140522
FRA;2014;TCC6103;C090141;700;10000001;0.00;570.00;EUR;20140522
FRA;2014;TCC6103;C090143;431;10000001;0.00;3000.00;EUR;20140522
FRA;2014;TCC6103;C100511;431;10000001;0.00;3000.00;EUR;20140522
FRA;2014;TCC6103;C100515;331;10000001;0.00;5000.00;EUR;20140522
FRA;2014;TCC6103;C100517;431;10000001;0.00;3990.00;EUR;20140522
FRA;2014;TCC6103;C100518;331;10000001;0.00;6897.00;EUR;20140522
FRA;2014;TCC6103;C130030;102;10000001;0.00;1140.00;EUR;20140522
FRA;2014;TCC6103;C120520;231;10000001;0.00;1140.00;EUR;20140522
FRA;2014;TCC6103;C120250;431;10000001;0.00;8000.00;EUR;20140522
FRA;2014;TCC6103;C100642;531;10000001;0.00;8000.00;EUR;20140522
FRA;2014;TCC6103;C100643;531;10000001;0.00;8000.00;EUR;20140522
FRA;2014;TCC6103;C110250;531;10000001;0.00;3648.00;EUR;20140522
FRA;2014;TCC6103;C110253;431;10000001;0.00;8000.00;EUR;20140522
FRA;2014;TCC6103;C120800;231;10000001;0.00;12000.00;EUR;20140522
FRA;2014;TCC6103;C130180;231;10000001;0.00;10000.00;EUR;20140522
FRA;2014;TCC6103;C130370;231;10000001;0.00;5700.00;EUR;20140522
FRA;2014;TCC6103;C031023;431;10000001;0.00;11400.00;EUR;20140522
FRA;2014;TCC6103;C080297;531;10000001;0.00;399.00;EUR;20140522
FRA;2014;TCC6103;C080298;531;10000001;0.00;2166.00;EUR;20140522
FRA;2014;TCC6103;C090101;700;10000001;0.00;5700.00;EUR;20140522
FRA;2014;TCC6103;C090399;531;10000001;0.00;1368.00;EUR;20140522
FRA;2014;TCC6103;C120810;331;10000001;0.00;10670.40;EUR;20140522
FRA;2014;TCC6103;C051080;700;10000001;0.00;456.00;EUR;20140522
FRA;2014;TCC6103;C090213;631;10000001;0.00;786.60;EUR;20140522
FRA;2014;TCC6103;C090214;700;10000001;0.00;684.00;EUR;20140522
FRA;2014;TCC6103;C090311;631;10000001;0.00;1824.00;EUR;20140522
FRA;2014;TCC6103;C100212;431;10000001;0.00;6840.00;EUR;20140522
FRA;2014;TCC6103;C110011;531;10000001;0.00;2850.00;EUR;20140522
FRA;2014;TCC6103;C110012;431;10000001;0.00;1915.20;EUR;20140522
FRA;2014;TCC6103;C110013;331;10000001;0.00;3192.00;EUR;20140522
FRA;2014;TCC6103;C110014;331;10000001;0.00;4104.00;EUR;20140522
FRA;2014;TCC6103;C110015;331;10000001;0.00;4628.40;EUR;20140522
FRA;2014;TCC6103;C120030;531;10000001;0.00;4560.00;EUR;20140522
FRA;2014;TCC6103;C120600;331;10000001;0.00;3420.00;EUR;20140522
FRA;2014;TCC6103;C130590;231;10000001;0.00;9120.00;EUR;20140522
FRA;2014;TCC6103;C110291;331;10000001;0.00;786.60;EUR;20140522
FRA;2014;TCC6105;C100642;531;10000001;0.00;15000.00;EUR;20140522
FRA;2014;TCC6105;C100643;531;10000001;0.00;547.20;EUR;20140522
FRA;2014;TCC6105;C130300;331;10000001;0.00;5000.00;EUR;20140522
FRA;2014;TCC6105;C130080;231;10000001;0.00;5000.00;EUR;20140522
FRA;2014;TCC6101;C100516;331;10000005;0.00;10000.00;EUR;20140522
FRA;2014;TCC6102;C100518;331;10000005;0.00;10000.00;EUR;20140522
FRA;2014;TCC6200;C120040;411;10000001;0.00;5000.00;EUR;20140522
FRA;2014;TCC6200;C120750;311;10000001;0.00;3000.00;EUR;20140522
FRA;2014;TCC6200;C130040;211;10000001;0.00;5000.00;EUR;20140522
FRA;2014;TCC6200;C090141;700;10000001;0.00;1000.00;EUR;20140522
FRA;2014;TCC6200;C090143;411;10000001;0.00;1000.00;EUR;20140522
FRA;2014;TCC6200;C100510;311;10000001;0.00;10000.00;EUR;20140522
FRA;2014;TCC6200;C100512;311;10000001;0.00;20000.00;EUR;20140522
FRA;2014;TCC6200;C100516;311;10000001;0.00;20000.00;EUR;20140522
FRA;2014;TCC6200;C100517;411;10000001;0.00;5000.00;EUR;20140522
FRA;2014;TCC6200;C100518;311;10000001;0.00;5000.00;EUR;20140522
FRA;2014;TCC6200;C130030;102;10000001;0.00;1000.00;EUR;20140522
FRA;2014;TCC6200;C120520;211;10000001;0.00;10000.00;EUR;20140522
FRA;2014;TCC6200;C130030;211;10000001;0.00;2000.00;EUR;20140522
FRA;2014;TCC6200;C120250;411;10000001;0.00;5000.00;EUR;20140522
FRA;2014;TCC6200;C051694;700;10000001;0.00;1000.00;EUR;20140522
FRA;2014;TCC6200;C051695;700;10000001;0.00;2000.00;EUR;20140522
FRA;2014;TCC6200;C100641;511;10000001;0.00;5000.00;EUR;20140522
FRA;2014;TCC6200;C100642;511;10000001;0.00;10000.00;EUR;20140522
FRA;2014;TCC6200;C100643;511;10000001;0.00;5000.00;EUR;20140522
FRA;2014;TCC6200;C110250;511;10000001;0.00;2000.00;EUR;20140522
FRA;2014;TCC6200;C110253;411;10000001;0.00;2000.00;EUR;20140522
FRA;2014;TCC6200;C110254;411;10000001;0.00;8000.00;EUR;20140522
FRA;2014;TCC6200;C120800;211;10000001;0.00;16000.00;EUR;20140522
FRA;2014;TCC6200;C130180;211;10000001;0.00;3000.00;EUR;20140522
FRA;2014;TCC6200;C130370;211;10000001;0.00;3000.00;EUR;20140522
FRA;2014;TCC6200;C130300;311;10000001;0.00;5000.00;EUR;20140522
FRA;2014;TCC6200;C031023;411;10000001;0.00;1000.00;EUR;20140522
FRA;2014;TCC6200;C090101;700;10000001;0.00;1000.00;EUR;20140522
FRA;2014;TCC6200;C090105;700;10000001;0.00;1000.00;EUR;20140522
FRA;2014;TCC6200;C090391;700;10000001;0.00;1000.00;EUR;20140522
FRA;2014;TCC6200;C080261;700;10000001;0.00;1000.00;EUR;20140522
FRA;2014;TCC6200;C090214;700;10000001;0.00;1000.00;EUR;20140522
FRA;2014;TCC6200;C090311;611;10000001;0.00;1000.00;EUR;20140522
FRA;2014;TCC6200;C100212;411;10000001;0.00;6000.00;EUR;20140522
FRA;2014;TCC6200;C110014;311;10000001;0.00;2000.00;EUR;20140522
FRA;2014;TCC6200;C120030;511;10000001;0.00;5000.00;EUR;20140522
FRA;2014;TCC6200;C120600;311;10000001;0.00;3000.00;EUR;20140522
FRA;2014;TCC6200;C130580;211;10000001;0.00;3000.00;EUR;20140522
FRA;2014;TCC6200;C120441;411;10000001;0.00;2000.00;EUR;20140522
FRA;2014;TCC6200;C120481;411;10000001;0.00;2000.00;EUR;20140522
FRA;2014;TCC6202;C070200;700;10000001;0.00;2000.00;EUR;20140522
FRA;2014;TCC6202;C120040;411;10000001;0.00;3000.00;EUR;20140522
FRA;2014;TCC6202;C120750;311;10000001;0.00;3000.00;EUR;20140522
FRA;2014;TCC6202;C130210;311;10000001;0.00;2000.00;EUR;20140522
FRA;2014;TCC6202;C130215;411;10000001;0.00;2000.00;EUR;20140522
FRA;2014;TCC6202;C130216;411;10000001;0.00;2000.00;EUR;20140522
FRA;2014;TCC6202;C010130;700;10000001;0.00;2000.00;EUR;20140522
FRA;2014;TCC6202;C041010;700;10000001;0.00;2000.00;EUR;20140522
FRA;2014;TCC6202;C090143;411;10000001;0.00;3000.00;EUR;20140522
FRA;2014;TCC6202;C100512;311;10000001;0.00;4000.00;EUR;20140522
FRA;2014;TCC6202;C120520;211;10000001;0.00;1000.00;EUR;20140522
FRA;2014;TCC6202;C120250;411;10000001;0.00;2000.00;EUR;20140522
FRA;2014;TCC6202;C100641;511;10000001;0.00;10000.00;EUR;20140522
FRA;2014;TCC6202;C100642;511;10000001;0.00;10000.00;EUR;20140522
FRA;2014;TCC6202;C110250;511;10000001;0.00;1000.00;EUR;20140522
FRA;2014;TCC6202;C110253;411;10000001;0.00;1000.00;EUR;20140522
FRA;2014;TCC6202;C120800;211;10000001;0.00;9000.00;EUR;20140522
FRA;2014;TCC6202;C130180;211;10000001;0.00;5000.00;EUR;20140522
FRA;2014;TCC6202;C130370;211;10000001;0.00;1000.00;EUR;20140522
FRA;2014;TCC6202;C130300;311;10000001;0.00;2000.00;EUR;20140522
FRA;2014;TCC6202;C130080;211;10000001;0.00;2000.00;EUR;20140522
FRA;2014;TCC6202;C031023;411;10000001;0.00;1000.00;EUR;20140522
FRA;2014;TCC6202;C090105;700;10000001;0.00;1000.00;EUR;20140522
FRA;2014;TCC6202;C090391;700;10000001;0.00;1000.00;EUR;20140522
FRA;2014;TCC6202;C120810;311;10000001;0.00;5000.00;EUR;20140522
FRA;2014;TCC6201;C120040;411;10000001;0.00;4000.00;EUR;20140522
FRA;2014;TCC6201;C120750;311;10000001;0.00;8000.00;EUR;20140522
FRA;2014;TCC6201;C130211;511;10000001;0.00;5000.00;EUR;20140522
FRA;2014;TCC6201;C130216;411;10000001;0.00;5000.00;EUR;20140522
FRA;2014;TCC6201;C130040;211;10000001;0.00;11000.00;EUR;20140522
FRA;2014;TCC6201;C051020;700;10000001;0.00;1000.00;EUR;20140522
FRA;2014;TCC6201;C051440;700;10000001;0.00;1000.00;EUR;20140522
FRA;2014;TCC6201;C090143;411;10000001;0.00;2000.00;EUR;20140522
FRA;2014;TCC6201;C100511;411;10000001;0.00;10000.00;EUR;20140522
FRA;2014;TCC6201;C100512;311;10000001;0.00;2000.00;EUR;20140522
FRA;2014;TCC6201;C100513;311;10000001;0.00;10000.00;EUR;20140522
FRA;2014;TCC6201;C100515;311;10000001;0.00;5000.00;EUR;20140522
FRA;2014;TCC6201;C120520;211;10000001;0.00;2000.00;EUR;20140522
FRA;2014;TCC6201;C120250;411;10000001;0.00;2000.00;EUR;20140522
FRA;2014;TCC6201;C100641;511;10000001;0.00;10000.00;EUR;20140522
FRA;2014;TCC6201;C100642;511;10000001;0.00;10000.00;EUR;20140522
FRA;2014;TCC6201;C100643;511;10000001;0.00;2000.00;EUR;20140522
FRA;2014;TCC6201;C110250;511;10000001;0.00;2000.00;EUR;20140522
FRA;2014;TCC6201;C110253;411;10000001;0.00;3000.00;EUR;20140522
FRA;2014;TCC6201;C120800;211;10000001;0.00;13000.00;EUR;20140522
FRA;2014;TCC6201;C130180;211;10000001;0.00;10000.00;EUR;20140522
FRA;2014;TCC6201;C130370;211;10000001;0.00;10000.00;EUR;20140522
FRA;2014;TCC6201;C130300;311;10000001;0.00;2000.00;EUR;20140522
FRA;2014;TCC6201;C130080;211;10000001;0.00;2000.00;EUR;20140522
FRA;2014;TCC6201;C031020;700;10000001;0.00;1500.00;EUR;20140522
FRA;2014;TCC6201;C031023;411;10000001;0.00;3000.00;EUR;20140522
FRA;2014;TCC6201;C090101;700;10000001;0.00;1000.00;EUR;20140522
FRA;2014;TCC6201;C090399;511;10000001;0.00;3000.00;EUR;20140522
FRA;2014;TCC6201;C100212;411;10000001;0.00;3000.00;EUR;20140522
FRA;2014;TCC6201;C110014;311;10000001;0.00;5000.00;EUR;20140522
FRA;2014;TCC6201;C120030;511;10000001;0.00;5000.00;EUR;20140522
FRA;2014;TCC6201;C120600;311;10000001;0.00;3000.00;EUR;20140522
FRA;2014;TCC6200;C051440;700;10000005;0.00;4000.00;EUR;20140522
FRA;2014;TCC6200;C100516;311;10000005;0.00;10000.00;EUR;20140522
FRA;2014;TCC6200;C100518;311;10000005;0.00;10000.00;EUR;20140522
FRA;2014;TCC6000;C120040;441;10000001;0.00;4000.00;EUR;20140522
FRA;2014;TCC6000;C120750;341;10000001;0.00;4000.00;EUR;20140522
FRA;2014;TCC6000;C130040;241;10000001;0.00;4000.00;EUR;20140522
FRA;2014;TCC6000;C051020;700;10000001;0.00;2000.00;EUR;20140522
FRA;2014;TCC6000;C051440;700;10000001;0.00;3000.00;EUR;20140522
FRA;2014;TCC6000;C080050;700;10000001;0.00;2000.00;EUR;20140522
FRA;2014;TCC6000;C080052;700;10000001;0.00;4000.00;EUR;20140522
FRA;2014;TCC6000;C090141;700;10000001;0.00;2000.00;EUR;20140522
FRA;2014;TCC6000;C090143;441;10000001;0.00;2000.00;EUR;20140522
FRA;2014;TCC6000;C100512;341;10000001;0.00;7000.00;EUR;20140522
FRA;2014;TCC6000;C100516;341;10000001;0.00;5000.00;EUR;20140522
FRA;2014;TCC6000;C130030;102;10000001;0.00;1000.00;EUR;20140522
FRA;2014;TCC6000;C120520;241;10000001;0.00;3000.00;EUR;20140522
FRA;2014;TCC6000;C130030;241;10000001;0.00;2000.00;EUR;20140522
FRA;2014;TCC6000;C120250;441;10000001;0.00;6000.00;EUR;20140522
FRA;2014;TCC6000;C120252;341;10000001;0.00;5000.00;EUR;20140522
FRA;2014;TCC6000;C051695;700;10000001;0.00;2000.00;EUR;20140522
FRA;2014;TCC6000;C060062;700;10000001;0.00;4000.00;EUR;20140522
FRA;2014;TCC6000;C070370;700;10000001;0.00;1000.00;EUR;20140522
FRA;2014;TCC6000;C070371;700;10000001;0.00;1000.00;EUR;20140522
FRA;2014;TCC6000;C080610;700;10000001;0.00;2000.00;EUR;20140522
FRA;2014;TCC6000;C100641;541;10000001;0.00;8000.00;EUR;20140522
FRA;2014;TCC6000;C100642;541;10000001;0.00;8000.00;EUR;20140522
FRA;2014;TCC6000;C100643;541;10000001;0.00;8000.00;EUR;20140522
FRA;2014;TCC6000;C110250;541;10000001;0.00;8000.00;EUR;20140522
FRA;2014;TCC6000;C110253;441;10000001;0.00;8000.00;EUR;20140522
FRA;2014;TCC6000;C110254;441;10000001;0.00;4000.00;EUR;20140522
FRA;2014;TCC6000;C120800;241;10000001;0.00;8000.00;EUR;20140522
FRA;2014;TCC6000;C130180;241;10000001;0.00;8000.00;EUR;20140522
FRA;2014;TCC6000;C130370;241;10000001;0.00;8000.00;EUR;20140522
FRA;2014;TCC6000;C130300;341;10000001;0.00;8000.00;EUR;20140522
FRA;2014;TCC6000;C031023;441;10000001;0.00;3000.00;EUR;20140522
FRA;2014;TCC6000;C041180;700;10000001;0.00;1000.00;EUR;20140522
FRA;2014;TCC6000;C060401;700;10000001;0.00;1000.00;EUR;20140522
FRA;2014;TCC6000;C070341;700;10000001;0.00;1000.00;EUR;20140522
FRA;2014;TCC6000;C080290;700;10000001;0.00;4000.00;EUR;20140522
FRA;2014;TCC6000;C080299;541;10000001;0.00;5000.00;EUR;20140522
FRA;2014;TCC6000;C090105;700;10000001;0.00;2000.00;EUR;20140522
FRA;2014;TCC6000;C090391;700;10000001;0.00;1000.00;EUR;20140522
FRA;2014;TCC6000;C090392;700;10000001;0.00;1000.00;EUR;20140522
FRA;2014;TCC6000;C120810;341;10000001;0.00;5000.00;EUR;20140522
FRA;2014;TCC6000;C051080;700;10000001;0.00;1000.00;EUR;20140522
FRA;2014;TCC6000;C051160;700;10000001;0.00;1000.00;EUR;20140522
FRA;2014;TCC6000;C090211;700;10000001;0.00;2000.00;EUR;20140522
FRA;2014;TCC6000;C100212;441;10000001;0.00;5000.00;EUR;20140522
FRA;2014;TCC6000;C110011;541;10000001;0.00;8000.00;EUR;20140522
FRA;2014;TCC6000;C120030;541;10000001;0.00;4000.00;EUR;20140522
FRA;2014;TCC6000;C120600;341;10000001;0.00;4000.00;EUR;20140522
FRA;2014;TCC6000;C130590;241;10000001;0.00;3000.00;EUR;20140522
FRA;2014;TCC6000;C130580;241;10000001;0.00;3000.00;EUR;20140522
FRA;2014;TCC6000;C110291;341;10000001;0.00;3000.00;EUR;20140522
FRA;2014;TCC6000;C110780;700;10000001;0.00;4000.00;EUR;20140522
FRA;2014;TCC6701;C100641;551;10000001;0.00;10000.00;EUR;20140522
FRA;2014;TCC6701;C100642;551;10000001;0.00;10000.00;EUR;20140522
FRA;2014;TCC6701;C130580;251;10000001;0.00;5000.00;EUR;20140522
FRA;2014;TCC6601;I050210;000;10000001;0.00;700.00;EUR;20140522
FRA;2014;TCC6601;I050213;000;10000001;0.00;350.00;EUR;20140522
FRA;2014;TCC6601;I050220;000;10000001;0.00;700.00;EUR;20140522
FRA;2014;TCC6601;I050222;000;10000001;0.00;350.00;EUR;20140522
FRA;2014;TCC6603;I050210;000;10000001;0.00;200.00;EUR;20140522
FRA;2014;TCC6603;I050213;000;10000001;0.00;100.00;EUR;20140522
FRA;2014;TCC6603;I050220;000;10000001;0.00;200.00;EUR;20140522
FRA;2014;TCC6603;I050222;000;10000001;0.00;100.00;EUR;20140522
FRA;2014;TCC6605;I050210;000;10000001;0.00;30.00;EUR;20140522
FRA;2014;TCC6605;I050213;000;10000001;0.00;15.00;EUR;20140522
FRA;2014;TCC6605;I050220;000;10000001;0.00;30.00;EUR;20140522
FRA;2014;TCC6605;I050222;000;10000001;0.00;15.00;EUR;20140522
FRA;2014;TCC6604;R050025;000;10000005;0.00;55000.00;EUR;20140522
FRA;2014;TCC6101;R050025;000;10000001;0.00;14611.00;EUR;20140522
FRA;2014;TCC6101;R050026;000;10000001;0.00;16587.50;EUR;20140522
FRA;2014;TCC6101;R040020;000;10000001;0.00;813.75;EUR;20140522
FRA;2014;TCC6101;I050092;000;10000001;0.00;285.20;EUR;20140522
FRA;2014;TCC6101;I050214;000;10000001;0.00;713.00;EUR;20140522
FRA;2014;TCC6101;I050223;000;10000001;0.00;713.00;EUR;20140522
FRA;2014;TCC6101;I050230;000;10000001;0.00;570.40;EUR;20140522
FRA;2014;TCC6102;R040020;000;10000001;0.00;348.75;EUR;20140522
FRA;2014;TCC6102;I050092;000;10000001;0.00;285.20;EUR;20140522
FRA;2014;TCC6102;I050230;000;10000001;0.00;570.40;EUR;20140522
FRA;2014;TCC6102;I080010;000;10000001;0.00;10000.00;EUR;20140522
FRA;2014;TCC6102;I090001;000;10000001;0.00;1426.00;EUR;20140522
FRA;2014;TCC6102;I120050;000;10000001;0.00;2000.00;EUR;20140522
FRA;2014;TCC6103;R050026;000;10000001;0.00;1743.75;EUR;20140522
FRA;2014;TCC6103;I050092;000;10000001;0.00;213.90;EUR;20140522
FRA;2014;TCC6103;I050230;000;10000001;0.00;855.60;EUR;20140522
FRA;2014;TCC6103;I120020;000;10000001;0.00;962.55;EUR;20140522
FRA;2014;TCC6103;I120050;000;10000001;0.00;4000.00;EUR;20140522
FRA;2014;TCC6105;R040020;000;10000001;0.00;542.50;EUR;20140522
FRA;2014;TCC6105;I050230;000;10000001;0.00;570.40;EUR;20140522
FRA;2014;TCC6105;I120050;000;10000001;0.00;2000.00;EUR;20140522
FRA;2014;TCC6200;R050026;000;10000001;0.00;8000.00;EUR;20140522
FRA;2014;TCC6200;I050214;000;10000001;0.00;1000.00;EUR;20140522
FRA;2014;TCC6200;I050223;000;10000001;0.00;1000.00;EUR;20140522
FRA;2014;TCC6000;I050214;000;10000001;0.00;1000.00;EUR;20140522
