CHN;2016;WUH6500;C110470;700;10000000;1200.00;1200.00;1200.00;1200.00;1200.00;1200.00;1200.00;1200.00;1200.00;1200.00;1200.00;1200.00;4.00;4.00;4.00;4.00;4.00;4.00;4.00;4.00;4.00;4.00;4.00;4.00;CNY;20151124
CHN;2016;WUH6500;C110471;700;10000000;1200.00;1200.00;1200.00;1200.00;1200.00;1200.00;1200.00;1200.00;1200.00;1200.00;1200.00;1200.00;4.00;4.00;4.00;4.00;4.00;4.00;4.00;4.00;4.00;4.00;4.00;4.00;CNY;20151124
CHN;2016;WUH6500;C100190;601;10000000;2400.00;2400.00;2400.00;2400.00;2400.00;2400.00;2400.00;2400.00;2400.00;2400.00;2400.00;2400.00;8.00;8.00;8.00;8.00;8.00;8.00;8.00;8.00;8.00;8.00;8.00;8.00;CNY;20151124
CHN;2016;WUH6500;C100190;700;10000000;2400.00;2400.00;2400.00;2400.00;2400.00;2400.00;2400.00;2400.00;2400.00;2400.00;2400.00;2400.00;8.00;8.00;8.00;8.00;8.00;8.00;8.00;8.00;8.00;8.00;8.00;8.00;CNY;20151124
CHN;2016;WUH6500;C100172;700;10000000;3600.00;3600.00;3600.00;3600.00;3600.00;3600.00;3600.00;3600.00;3600.00;3600.00;3600.00;3600.00;12.00;12.00;12.00;12.00;12.00;12.00;12.00;12.00;12.00;12.00;12.00;12.00;CNY;20151124
CHN;2016;WUH6500;C120450;601;10000000;4800.00;4800.00;4800.00;4800.00;4800.00;4800.00;4800.00;4800.00;4800.00;4800.00;4800.00;4800.00;16.00;16.00;16.00;16.00;16.00;16.00;16.00;16.00;16.00;16.00;16.00;16.00;CNY;20151124
CHN;2016;WUH6500;C120450;700;10000000;2400.00;2400.00;2400.00;2400.00;2400.00;2400.00;2400.00;2400.00;2400.00;2400.00;2400.00;2400.00;8.00;8.00;8.00;8.00;8.00;8.00;8.00;8.00;8.00;8.00;8.00;8.00;CNY;20151124
CHN;2016;WUH6500;C120550;501;10000000;10800.00;10800.00;10800.00;10800.00;10800.00;10800.00;10800.00;10800.00;10800.00;10800.00;10800.00;10800.00;36.00;36.00;36.00;36.00;36.00;36.00;36.00;36.00;36.00;36.00;36.00;36.00;CNY;20151124
CHN;2016;WUH6500;C140030;401;10000000;13800.00;13800.00;13800.00;13800.00;13800.00;13800.00;13800.00;13800.00;13800.00;13800.00;13800.00;13800.00;46.00;46.00;46.00;46.00;46.00;46.00;46.00;46.00;46.00;46.00;46.00;46.00;CNY;20151124
CHN;2016;WUH6500;ZB15CHN001;201;10000000;12300.00;12300.00;12300.00;12300.00;12300.00;12300.00;12300.00;12300.00;12300.00;12300.00;12300.00;12300.00;41.00;41.00;41.00;41.00;41.00;41.00;41.00;41.00;41.00;41.00;41.00;41.00;CNY;20151124
CHN;2016;WUH6500;C090280;700;10000000;1200.00;1200.00;1200.00;1200.00;1200.00;1200.00;1200.00;1200.00;1200.00;1200.00;1200.00;1200.00;4.00;4.00;4.00;4.00;4.00;4.00;4.00;4.00;4.00;4.00;4.00;4.00;CNY;20151124
CHN;2016;WUH6500;C110870;700;10000000;2400.00;2400.00;2400.00;2400.00;2400.00;2400.00;2400.00;2400.00;2400.00;2400.00;2400.00;2400.00;8.00;8.00;8.00;8.00;8.00;8.00;8.00;8.00;8.00;8.00;8.00;8.00;CNY;20151124
CHN;2016;WUH6500;C140200;401;10000000;17400.00;17400.00;17400.00;17400.00;17400.00;17400.00;17400.00;17400.00;17400.00;17400.00;17400.00;17400.00;58.00;58.00;58.00;58.00;58.00;58.00;58.00;58.00;58.00;58.00;58.00;58.00;CNY;20151124
CHN;2016;WUH6500;C120643;401;10000000;15000.00;15000.00;15000.00;15000.00;15000.00;15000.00;15000.00;15000.00;15000.00;15000.00;15000.00;15000.00;50.00;50.00;50.00;50.00;50.00;50.00;50.00;50.00;50.00;50.00;50.00;50.00;CNY;20151124
CHN;2016;WUH6500;C130290;601;10000000;12300.00;12300.00;12300.00;12300.00;12300.00;12300.00;12300.00;12300.00;12300.00;12300.00;12300.00;12300.00;41.00;41.00;41.00;41.00;41.00;41.00;41.00;41.00;41.00;41.00;41.00;41.00;CNY;20151124
CHN;2016;WUH6500;C130290;700;10000000;4800.00;4800.00;4800.00;4800.00;4800.00;4800.00;4800.00;4800.00;4800.00;4800.00;4800.00;4800.00;16.00;16.00;16.00;16.00;16.00;16.00;16.00;16.00;16.00;16.00;16.00;16.00;CNY;20151124
CHN;2016;WUH6500;C110911;501;10000000;9900.00;9900.00;9900.00;9900.00;9900.00;9900.00;9900.00;9900.00;9900.00;9900.00;9900.00;9900.00;33.00;33.00;33.00;33.00;33.00;33.00;33.00;33.00;33.00;33.00;33.00;33.00;CNY;20151124
CHN;2016;WUH6500;C110721;700;10000000;1200.00;1200.00;1200.00;1200.00;1200.00;1200.00;1200.00;1200.00;1200.00;1200.00;1200.00;1200.00;4.00;4.00;4.00;4.00;4.00;4.00;4.00;4.00;4.00;4.00;4.00;4.00;CNY;20151124
CHN;2016;WUH6500;C120020;601;10000000;6000.00;6000.00;6000.00;6000.00;6000.00;6000.00;6000.00;6000.00;6000.00;6000.00;6000.00;6000.00;20.00;20.00;20.00;20.00;20.00;20.00;20.00;20.00;20.00;20.00;20.00;20.00;CNY;20151124
CHN;2016;WUH6500;C120020;700;10000000;4800.00;4800.00;4800.00;4800.00;4800.00;4800.00;4800.00;4800.00;4800.00;4800.00;4800.00;4800.00;16.00;16.00;16.00;16.00;16.00;16.00;16.00;16.00;16.00;16.00;16.00;16.00;CNY;20151124
CHN;2016;WUH6500;C130070;401;10000000;11100.00;11100.00;11100.00;11100.00;11100.00;11100.00;11100.00;11100.00;11100.00;11100.00;11100.00;11100.00;37.00;37.00;37.00;37.00;37.00;37.00;37.00;37.00;37.00;37.00;37.00;37.00;CNY;20151124
CHN;2016;WUH6500;C140020;301;10000000;19800.00;19800.00;19800.00;19800.00;19800.00;19800.00;19800.00;19800.00;19800.00;19800.00;19800.00;19800.00;66.00;66.00;66.00;66.00;66.00;66.00;66.00;66.00;66.00;66.00;66.00;66.00;CNY;20151124
CHN;2016;WUH6500;ZB15CHN003;301;10000000;19800.00;19800.00;19800.00;19800.00;19800.00;19800.00;19800.00;19800.00;19800.00;19800.00;19800.00;19800.00;66.00;66.00;66.00;66.00;66.00;66.00;66.00;66.00;66.00;66.00;66.00;66.00;CNY;20151124
CHN;2016;WUH6500;C090106;700;10000000;7500.00;7500.00;7500.00;7500.00;7500.00;7500.00;7500.00;7500.00;7500.00;7500.00;7500.00;7500.00;25.00;25.00;25.00;25.00;25.00;25.00;25.00;25.00;25.00;25.00;25.00;25.00;CNY;20151124
CHN;2016;WUH6500;C070342;700;10000000;0.00;0.00;0.00;15000.00;15000.00;15000.00;0.00;0.00;0.00;0.00;0.00;0.00;0.00;0.00;0.00;50.00;50.00;50.00;0.00;0.00;0.00;0.00;0.00;0.00;CNY;20151124
CHN;2016;WUH6500;C120092;401;10000000;0.00;0.00;0.00;79800.00;79800.00;79800.00;0.00;0.00;0.00;0.00;0.00;0.00;0.00;0.00;0.00;266.00;266.00;266.00;0.00;0.00;0.00;0.00;0.00;0.00;CNY;20151124
CHN;2016;WUH6500;C100511;700;10000000;0.00;0.00;0.00;15000.00;15000.00;15000.00;0.00;0.00;0.00;0.00;0.00;0.00;0.00;0.00;0.00;50.00;50.00;50.00;0.00;0.00;0.00;0.00;0.00;0.00;CNY;20151124
CHN;2016;WUH6500;C140470;401;10000000;0.00;0.00;0.00;30000.00;30000.00;30000.00;0.00;0.00;0.00;0.00;0.00;0.00;0.00;0.00;0.00;100.00;100.00;100.00;0.00;0.00;0.00;0.00;0.00;0.00;CNY;20151124
CHN;2016;WUH6500;C100517;700;10000000;0.00;0.00;0.00;15000.00;15000.00;15000.00;0.00;0.00;0.00;0.00;0.00;0.00;0.00;0.00;0.00;50.00;50.00;50.00;0.00;0.00;0.00;0.00;0.00;0.00;CNY;20151124
CHN;2016;WUH6500;C090242;401;10000000;0.00;0.00;0.00;49800.00;49800.00;49800.00;0.00;0.00;0.00;0.00;0.00;0.00;0.00;0.00;0.00;166.00;166.00;166.00;0.00;0.00;0.00;0.00;0.00;0.00;CNY;20151124
CHN;2016;WUH6500;C120532;401;10000000;0.00;0.00;0.00;69900.00;69900.00;69900.00;0.00;0.00;0.00;0.00;0.00;0.00;0.00;0.00;0.00;233.00;233.00;233.00;0.00;0.00;0.00;0.00;0.00;0.00;CNY;20151124
CHN;2016;WUH6500;ZB15GMW004;700;10000000;0.00;0.00;0.00;12000.00;12000.00;12000.00;0.00;0.00;0.00;0.00;0.00;0.00;0.00;0.00;0.00;40.00;40.00;40.00;0.00;0.00;0.00;0.00;0.00;0.00;CNY;20151124
CHN;2016;WUH6500;C080053;501;10000000;0.00;0.00;0.00;39900.00;39900.00;39900.00;0.00;0.00;0.00;0.00;0.00;0.00;0.00;0.00;0.00;133.00;133.00;133.00;0.00;0.00;0.00;0.00;0.00;0.00;CNY;20151124
CHN;2016;WUH6500;C051252;700;10000000;0.00;0.00;0.00;12000.00;12000.00;12000.00;0.00;0.00;0.00;0.00;0.00;0.00;0.00;0.00;0.00;40.00;40.00;40.00;0.00;0.00;0.00;0.00;0.00;0.00;CNY;20151124
CHN;2016;WUH6500;C140151;301;10000000;0.00;0.00;0.00;60000.00;60000.00;60000.00;0.00;0.00;0.00;0.00;0.00;0.00;0.00;0.00;0.00;200.00;200.00;200.00;0.00;0.00;0.00;0.00;0.00;0.00;CNY;20151124
CHN;2016;WUH6500;C120751;401;10000000;0.00;0.00;0.00;49800.00;49800.00;49800.00;0.00;0.00;0.00;0.00;0.00;0.00;0.00;0.00;0.00;166.00;166.00;166.00;0.00;0.00;0.00;0.00;0.00;0.00;CNY;20151124
CHN;2016;WUH6500;C070206;700;10000000;0.00;0.00;0.00;12000.00;12000.00;12000.00;0.00;0.00;0.00;0.00;0.00;0.00;0.00;0.00;0.00;40.00;40.00;40.00;0.00;0.00;0.00;0.00;0.00;0.00;CNY;20151124
CHN;2016;WUH6500;C130217;401;10000000;0.00;0.00;0.00;60000.00;60000.00;60000.00;0.00;0.00;0.00;0.00;0.00;0.00;0.00;0.00;0.00;200.00;200.00;200.00;0.00;0.00;0.00;0.00;0.00;0.00;CNY;20151124
CHN;2016;WUH6500;C100320;102;10000000;0.00;0.00;0.00;79800.00;79800.00;79800.00;0.00;0.00;0.00;0.00;0.00;0.00;0.00;0.00;0.00;266.00;266.00;266.00;0.00;0.00;0.00;0.00;0.00;0.00;CNY;20151124
CHN;2016;WUH6500;N000020;000;10000000;0.00;0.00;0.00;49800.00;49800.00;49800.00;0.00;0.00;0.00;0.00;0.00;0.00;0.00;0.00;0.00;166.00;166.00;166.00;0.00;0.00;0.00;0.00;0.00;0.00;CNY;20151124
CHN;2016;WUH6500;C110470;700;10000001;583.00;583.00;583.00;583.00;583.00;583.00;583.00;583.00;583.00;583.00;583.00;583.00;0.00;0.00;0.00;0.00;0.00;0.00;0.00;0.00;0.00;0.00;0.00;0.00;CNY;20151124
CHN;2016;WUH6500;C110471;700;10000001;250.00;250.00;250.00;250.00;250.00;250.00;250.00;250.00;250.00;250.00;250.00;250.00;0.00;0.00;0.00;0.00;0.00;0.00;0.00;0.00;0.00;0.00;0.00;0.00;CNY;20151124
CHN;2016;WUH6500;C100190;601;10000001;500.00;500.00;500.00;500.00;500.00;500.00;500.00;500.00;500.00;500.00;500.00;500.00;0.00;0.00;0.00;0.00;0.00;0.00;0.00;0.00;0.00;0.00;0.00;0.00;CNY;20151124
CHN;2016;WUH6500;C100190;700;10000001;500.00;500.00;500.00;500.00;500.00;500.00;500.00;500.00;500.00;500.00;500.00;500.00;0.00;0.00;0.00;0.00;0.00;0.00;0.00;0.00;0.00;0.00;0.00;0.00;CNY;20151124
CHN;2016;WUH6500;C100172;700;10000001;1250.00;1250.00;1250.00;1250.00;1250.00;1250.00;1250.00;1250.00;1250.00;1250.00;1250.00;1250.00;0.00;0.00;0.00;0.00;0.00;0.00;0.00;0.00;0.00;0.00;0.00;0.00;CNY;20151124
CHN;2016;WUH6500;C120450;601;10000001;833.00;833.00;833.00;833.00;833.00;833.00;833.00;833.00;833.00;833.00;833.00;833.00;0.00;0.00;0.00;0.00;0.00;0.00;0.00;0.00;0.00;0.00;0.00;0.00;CNY;20151124
CHN;2016;WUH6500;C120450;700;10000001;500.00;500.00;500.00;500.00;500.00;500.00;500.00;500.00;500.00;500.00;500.00;500.00;0.00;0.00;0.00;0.00;0.00;0.00;0.00;0.00;0.00;0.00;0.00;0.00;CNY;20151124
CHN;2016;WUH6500;C120550;501;10000001;2000.00;2000.00;2000.00;2000.00;2000.00;2000.00;2000.00;2000.00;2000.00;2000.00;2000.00;2000.00;0.00;0.00;0.00;0.00;0.00;0.00;0.00;0.00;0.00;0.00;0.00;0.00;CNY;20151124
CHN;2016;WUH6500;C140030;401;10000001;2000.00;2000.00;2000.00;2000.00;2000.00;2000.00;2000.00;2000.00;2000.00;2000.00;2000.00;2000.00;0.00;0.00;0.00;0.00;0.00;0.00;0.00;0.00;0.00;0.00;0.00;0.00;CNY;20151124
CHN;2016;WUH6500;ZB15CHN001;201;10000001;2500.00;2500.00;2500.00;2500.00;2500.00;2500.00;2500.00;2500.00;2500.00;2500.00;2500.00;2500.00;0.00;0.00;0.00;0.00;0.00;0.00;0.00;0.00;0.00;0.00;0.00;0.00;CNY;20151124
CHN;2016;WUH6500;C090280;700;10000001;250.00;250.00;250.00;250.00;250.00;250.00;250.00;250.00;250.00;250.00;250.00;250.00;0.00;0.00;0.00;0.00;0.00;0.00;0.00;0.00;0.00;0.00;0.00;0.00;CNY;20151124
CHN;2016;WUH6500;C110870;700;10000001;250.00;250.00;250.00;250.00;250.00;250.00;250.00;250.00;250.00;250.00;250.00;250.00;0.00;0.00;0.00;0.00;0.00;0.00;0.00;0.00;0.00;0.00;0.00;0.00;CNY;20151124
CHN;2016;WUH6500;C140200;401;10000001;1666.00;1666.00;1666.00;1666.00;1666.00;1666.00;1666.00;1666.00;1666.00;1666.00;1666.00;1666.00;0.00;0.00;0.00;0.00;0.00;0.00;0.00;0.00;0.00;0.00;0.00;0.00;CNY;20151124
CHN;2016;WUH6500;C120643;401;10000001;1666.00;1666.00;1666.00;1666.00;1666.00;1666.00;1666.00;1666.00;1666.00;1666.00;1666.00;1666.00;0.00;0.00;0.00;0.00;0.00;0.00;0.00;0.00;0.00;0.00;0.00;0.00;CNY;20151124
CHN;2016;WUH6500;C130290;601;10000001;2083.00;2083.00;2083.00;2083.00;2083.00;2083.00;2083.00;2083.00;2083.00;2083.00;2083.00;2083.00;0.00;0.00;0.00;0.00;0.00;0.00;0.00;0.00;0.00;0.00;0.00;0.00;CNY;20151124
CHN;2016;WUH6500;C130290;700;10000001;833.00;833.00;833.00;833.00;833.00;833.00;833.00;833.00;833.00;833.00;833.00;833.00;0.00;0.00;0.00;0.00;0.00;0.00;0.00;0.00;0.00;0.00;0.00;0.00;CNY;20151124
CHN;2016;WUH6500;C110911;501;10000001;1666.00;1666.00;1666.00;1666.00;1666.00;1666.00;1666.00;1666.00;1666.00;1666.00;1666.00;1666.00;0.00;0.00;0.00;0.00;0.00;0.00;0.00;0.00;0.00;0.00;0.00;0.00;CNY;20151124
CHN;2016;WUH6500;C110721;700;10000001;250.00;250.00;250.00;250.00;250.00;250.00;250.00;250.00;250.00;250.00;250.00;250.00;0.00;0.00;0.00;0.00;0.00;0.00;0.00;0.00;0.00;0.00;0.00;0.00;CNY;20151124
CHN;2016;WUH6500;C120020;601;10000001;0.00;0.00;0.00;2857.00;2857.00;2857.00;2857.00;2857.00;2857.00;2857.00;2857.00;2857.00;0.00;0.00;0.00;0.00;0.00;0.00;0.00;0.00;0.00;0.00;0.00;0.00;CNY;20151124
CHN;2016;WUH6500;C120020;700;10000001;0.00;0.00;0.00;2142.00;2142.00;2142.00;2142.00;2142.00;2142.00;2142.00;2142.00;2142.00;0.00;0.00;0.00;0.00;0.00;0.00;0.00;0.00;0.00;0.00;0.00;0.00;CNY;20151124
CHN;2016;WUH6500;C130070;401;10000001;0.00;0.00;0.00;2857.00;2857.00;2857.00;2857.00;2857.00;2857.00;2857.00;2857.00;2857.00;0.00;0.00;0.00;0.00;0.00;0.00;0.00;0.00;0.00;0.00;0.00;0.00;CNY;20151124
CHN;2016;WUH6500;C140020;301;10000001;0.00;0.00;0.00;7142.00;7142.00;7142.00;7142.00;7142.00;7142.00;7142.00;7142.00;7142.00;0.00;0.00;0.00;0.00;0.00;0.00;0.00;0.00;0.00;0.00;0.00;0.00;CNY;20151124
CHN;2016;WUH6500;ZB15CHN003;301;10000001;0.00;0.00;0.00;7142.00;7142.00;7142.00;7142.00;7142.00;7142.00;7142.00;7142.00;7142.00;0.00;0.00;0.00;0.00;0.00;0.00;0.00;0.00;0.00;0.00;0.00;0.00;CNY;20151124
CHN;2016;WUH6500;C090106;700;10000001;0.00;0.00;0.00;2142.00;2142.00;2142.00;2142.00;2142.00;2142.00;2142.00;2142.00;2142.00;0.00;0.00;0.00;0.00;0.00;0.00;0.00;0.00;0.00;0.00;0.00;0.00;CNY;20151124
CHN;2016;WUH6500;C070342;700;10000001;0.00;0.00;0.00;1428.00;1428.00;1428.00;1428.00;1428.00;1428.00;1428.00;1428.00;1428.00;0.00;0.00;0.00;0.00;0.00;0.00;0.00;0.00;0.00;0.00;0.00;0.00;CNY;20151124
CHN;2016;WUH6500;C120092;401;10000001;0.00;0.00;0.00;7142.00;7142.00;7142.00;7142.00;7142.00;7142.00;7142.00;7142.00;7142.00;0.00;0.00;0.00;0.00;0.00;0.00;0.00;0.00;0.00;0.00;0.00;0.00;CNY;20151124
CHN;2016;WUH6500;C100511;700;10000001;0.00;0.00;0.00;1714.00;1714.00;1714.00;1714.00;1714.00;1714.00;1714.00;1714.00;1714.00;0.00;0.00;0.00;0.00;0.00;0.00;0.00;0.00;0.00;0.00;0.00;0.00;CNY;20151124
CHN;2016;WUH6500;C140470;401;10000001;0.00;0.00;0.00;1428.00;1428.00;1428.00;1428.00;1428.00;1428.00;1428.00;1428.00;1428.00;0.00;0.00;0.00;0.00;0.00;0.00;0.00;0.00;0.00;0.00;0.00;0.00;CNY;20151124
CHN;2016;WUH6500;C100517;700;10000001;0.00;0.00;0.00;1714.00;1714.00;1714.00;1714.00;1714.00;1714.00;1714.00;1714.00;1714.00;0.00;0.00;0.00;0.00;0.00;0.00;0.00;0.00;0.00;0.00;0.00;0.00;CNY;20151124
CHN;2016;WUH6500;C090242;401;10000001;0.00;0.00;3333.00;3333.00;3333.00;3333.00;3333.00;3333.00;0.00;0.00;0.00;0.00;0.00;0.00;0.00;0.00;0.00;0.00;0.00;0.00;0.00;0.00;0.00;0.00;CNY;20151124
CHN;2016;WUH6500;C120532;401;10000001;0.00;0.00;8333.00;8333.00;8333.00;8333.00;8333.00;8333.00;0.00;0.00;0.00;0.00;0.00;0.00;0.00;0.00;0.00;0.00;0.00;0.00;0.00;0.00;0.00;0.00;CNY;20151124
CHN;2016;WUH6500;ZB15GMW004;700;10000001;0.00;0.00;1666.00;1666.00;1666.00;1666.00;1666.00;1666.00;0.00;0.00;0.00;0.00;0.00;0.00;0.00;0.00;0.00;0.00;0.00;0.00;0.00;0.00;0.00;0.00;CNY;20151124
CHN;2016;WUH6500;C080053;501;10000001;0.00;0.00;1666.00;1666.00;1666.00;1666.00;1666.00;1666.00;0.00;0.00;0.00;0.00;0.00;0.00;0.00;0.00;0.00;0.00;0.00;0.00;0.00;0.00;0.00;0.00;CNY;20151124
CHN;2016;WUH6500;C051252;700;10000001;0.00;0.00;1666.00;1666.00;1666.00;1666.00;1666.00;1666.00;0.00;0.00;0.00;0.00;0.00;0.00;0.00;0.00;0.00;0.00;0.00;0.00;0.00;0.00;0.00;0.00;CNY;20151124
CHN;2016;WUH6500;C140151;301;10000001;0.00;0.00;5000.00;5000.00;5000.00;5000.00;5000.00;5000.00;0.00;0.00;0.00;0.00;0.00;0.00;0.00;0.00;0.00;0.00;0.00;0.00;0.00;0.00;0.00;0.00;CNY;20151124
CHN;2016;WUH6500;C120751;401;10000001;0.00;0.00;5000.00;5000.00;5000.00;5000.00;5000.00;5000.00;0.00;0.00;0.00;0.00;0.00;0.00;0.00;0.00;0.00;0.00;0.00;0.00;0.00;0.00;0.00;0.00;CNY;20151124
CHN;2016;WUH6500;C070206;700;10000001;0.00;0.00;1666.00;1666.00;1666.00;1666.00;1666.00;1666.00;0.00;0.00;0.00;0.00;0.00;0.00;0.00;0.00;0.00;0.00;0.00;0.00;0.00;0.00;0.00;0.00;CNY;20151124
CHN;2016;WUH6500;C130217;401;10000001;0.00;0.00;8333.00;8333.00;8333.00;8333.00;8333.00;8333.00;0.00;0.00;0.00;0.00;0.00;0.00;0.00;0.00;0.00;0.00;0.00;0.00;0.00;0.00;0.00;0.00;CNY;20151124
CHN;2016;WUH6500;C100320;102;10000001;0.00;0.00;25000.00;25000.00;25000.00;25000.00;25000.00;25000.00;0.00;0.00;0.00;0.00;0.00;0.00;0.00;0.00;0.00;0.00;0.00;0.00;0.00;0.00;0.00;0.00;CNY;20151124
CHN;2016;WUH6600;C100190;621;10000000;0.00;0.00;0.00;7800.00;7800.00;7800.00;0.00;0.00;0.00;0.00;0.00;0.00;0.00;0.00;0.00;26.00;26.00;26.00;0.00;0.00;0.00;0.00;0.00;0.00;CNY;20151124
CHN;2016;WUH6600;C100190;700;10000000;0.00;0.00;0.00;1800.00;1800.00;1800.00;0.00;0.00;0.00;0.00;0.00;0.00;0.00;0.00;0.00;6.00;6.00;6.00;0.00;0.00;0.00;0.00;0.00;0.00;CNY;20151124
CHN;2016;WUH6600;C100172;700;10000000;0.00;0.00;0.00;1800.00;1800.00;1800.00;0.00;0.00;0.00;0.00;0.00;0.00;0.00;0.00;0.00;6.00;6.00;6.00;0.00;0.00;0.00;0.00;0.00;0.00;CNY;20151124
CHN;2016;WUH6600;N000041;000;10000000;0.00;0.00;0.00;21900.00;21900.00;21900.00;0.00;0.00;0.00;0.00;0.00;0.00;0.00;0.00;0.00;73.00;73.00;73.00;0.00;0.00;0.00;0.00;0.00;0.00;CNY;20151124
CHN;2016;WUH6600;N000040;000;10000000;0.00;0.00;0.00;4800.00;4800.00;4800.00;0.00;0.00;0.00;0.00;0.00;0.00;0.00;0.00;0.00;16.00;16.00;16.00;0.00;0.00;0.00;0.00;0.00;0.00;CNY;20151124
CHN;2016;WUH6600;N040010;000;10000000;0.00;0.00;0.00;4800.00;4800.00;4800.00;0.00;0.00;0.00;0.00;0.00;0.00;0.00;0.00;0.00;16.00;16.00;16.00;0.00;0.00;0.00;0.00;0.00;0.00;CNY;20151124
CHN;2016;WUH6600;I070050;000;10000000;0.00;0.00;0.00;4800.00;4800.00;4800.00;0.00;0.00;0.00;0.00;0.00;0.00;0.00;0.00;0.00;16.00;16.00;16.00;0.00;0.00;0.00;0.00;0.00;0.00;CNY;20151124
CHN;2016;WUH6600;N030020;000;10000000;0.00;0.00;0.00;9900.00;9900.00;9900.00;0.00;0.00;0.00;0.00;0.00;0.00;0.00;0.00;0.00;33.00;33.00;33.00;0.00;0.00;0.00;0.00;0.00;0.00;CNY;20151124
CHN;2016;WUH6600;N000020;000;10000000;0.00;0.00;0.00;34800.00;34800.00;34800.00;0.00;0.00;0.00;0.00;0.00;0.00;0.00;0.00;0.00;116.00;116.00;116.00;0.00;0.00;0.00;0.00;0.00;0.00;CNY;20151124
CHN;2016;WUH6600;A140500;000;10000000;0.00;0.00;0.00;2400.00;2400.00;2400.00;0.00;0.00;0.00;0.00;0.00;0.00;0.00;0.00;0.00;8.00;8.00;8.00;0.00;0.00;0.00;0.00;0.00;0.00;CNY;20151124
CHN;2016;WUH6600;ZB15CHN002;000;10000000;0.00;0.00;0.00;2400.00;2400.00;2400.00;0.00;0.00;0.00;0.00;0.00;0.00;0.00;0.00;0.00;8.00;8.00;8.00;0.00;0.00;0.00;0.00;0.00;0.00;CNY;20151124
CHN;2016;WUH6600;C080041;700;10000000;0.00;0.00;0.00;1800.00;1800.00;1800.00;0.00;0.00;0.00;0.00;0.00;0.00;0.00;0.00;0.00;6.00;6.00;6.00;0.00;0.00;0.00;0.00;0.00;0.00;CNY;20151124
CHN;2016;WUH6600;C090053;700;10000000;0.00;0.00;0.00;1800.00;1800.00;1800.00;0.00;0.00;0.00;0.00;0.00;0.00;0.00;0.00;0.00;6.00;6.00;6.00;0.00;0.00;0.00;0.00;0.00;0.00;CNY;20151124
CHN;2016;WUH6600;C090131;700;10000000;0.00;0.00;0.00;1800.00;1800.00;1800.00;0.00;0.00;0.00;0.00;0.00;0.00;0.00;0.00;0.00;6.00;6.00;6.00;0.00;0.00;0.00;0.00;0.00;0.00;CNY;20151124
CHN;2016;WUH6601;C110470;700;10000000;0.00;0.00;0.00;300.00;300.00;300.00;0.00;0.00;0.00;0.00;0.00;0.00;0.00;0.00;0.00;1.00;1.00;1.00;0.00;0.00;0.00;0.00;0.00;0.00;CNY;20151124
CHN;2016;WUH6601;C100190;621;10000000;0.00;0.00;0.00;600.00;600.00;600.00;0.00;0.00;0.00;0.00;0.00;0.00;0.00;0.00;0.00;2.00;2.00;2.00;0.00;0.00;0.00;0.00;0.00;0.00;CNY;20151124
CHN;2016;WUH6601;C120450;621;10000000;0.00;0.00;0.00;600.00;600.00;600.00;0.00;0.00;0.00;0.00;0.00;0.00;0.00;0.00;0.00;2.00;2.00;2.00;0.00;0.00;0.00;0.00;0.00;0.00;CNY;20151124
CHN;2016;WUH6601;C120550;521;10000000;0.00;0.00;0.00;9900.00;9900.00;9900.00;0.00;0.00;0.00;0.00;0.00;0.00;0.00;0.00;0.00;33.00;33.00;33.00;0.00;0.00;0.00;0.00;0.00;0.00;CNY;20151124
CHN;2016;WUH6601;C140030;421;10000000;0.00;0.00;0.00;24900.00;24900.00;24900.00;0.00;0.00;0.00;0.00;0.00;0.00;0.00;0.00;0.00;83.00;83.00;83.00;0.00;0.00;0.00;0.00;0.00;0.00;CNY;20151124
CHN;2016;WUH6601;ZB15CHN001;221;10000000;0.00;0.00;0.00;39900.00;39900.00;39900.00;0.00;0.00;0.00;0.00;0.00;0.00;0.00;0.00;0.00;133.00;133.00;133.00;0.00;0.00;0.00;0.00;0.00;0.00;CNY;20151124
CHN;2016;WUH6601;C130480;321;10000000;0.00;0.00;0.00;1800.00;1800.00;1800.00;0.00;0.00;0.00;0.00;0.00;0.00;0.00;0.00;0.00;6.00;6.00;6.00;0.00;0.00;0.00;0.00;0.00;0.00;CNY;20151124
CHN;2016;WUH6601;C140200;421;10000000;0.00;0.00;0.00;1500.00;1500.00;1500.00;0.00;0.00;0.00;0.00;0.00;0.00;0.00;0.00;0.00;5.00;5.00;5.00;0.00;0.00;0.00;0.00;0.00;0.00;CNY;20151124
CHN;2016;WUH6601;C120643;421;10000000;0.00;0.00;0.00;1500.00;1500.00;1500.00;0.00;0.00;0.00;0.00;0.00;0.00;0.00;0.00;0.00;5.00;5.00;5.00;0.00;0.00;0.00;0.00;0.00;0.00;CNY;20151124
CHN;2016;WUH6601;C140310;221;10000000;0.00;0.00;0.00;1500.00;1500.00;1500.00;0.00;0.00;0.00;0.00;0.00;0.00;0.00;0.00;0.00;5.00;5.00;5.00;0.00;0.00;0.00;0.00;0.00;0.00;CNY;20151124
CHN;2016;WUH6601;C110911;521;10000000;0.00;0.00;0.00;7800.00;7800.00;7800.00;0.00;0.00;0.00;0.00;0.00;0.00;0.00;0.00;0.00;26.00;26.00;26.00;0.00;0.00;0.00;0.00;0.00;0.00;CNY;20151124
CHN;2016;WUH6601;C120020;621;10000000;0.00;0.00;0.00;4800.00;4800.00;4800.00;0.00;0.00;0.00;0.00;0.00;0.00;0.00;0.00;0.00;16.00;16.00;16.00;0.00;0.00;0.00;0.00;0.00;0.00;CNY;20151124
CHN;2016;WUH6600;C100190;621;10000001;0.00;0.00;0.00;0.00;0.00;0.00;0.00;0.00;0.00;0.00;0.00;0.00;0.00;0.00;0.00;0.00;0.00;0.00;0.00;0.00;0.00;0.00;0.00;0.00;CNY;20151124
CHN;2016;WUH6600;C120450;621;10000001;0.00;0.00;0.00;0.00;0.00;0.00;0.00;0.00;0.00;0.00;0.00;0.00;0.00;0.00;0.00;0.00;0.00;0.00;0.00;0.00;0.00;0.00;0.00;0.00;CNY;20151124
CHN;2016;WUH6600;C120550;521;10000001;0.00;0.00;0.00;0.00;0.00;0.00;0.00;0.00;0.00;0.00;0.00;0.00;0.00;0.00;0.00;0.00;0.00;0.00;0.00;0.00;0.00;0.00;0.00;0.00;CNY;20151124
CHN;2016;WUH6600;C140030;421;10000001;0.00;0.00;0.00;0.00;0.00;0.00;0.00;0.00;0.00;0.00;0.00;0.00;0.00;0.00;0.00;0.00;0.00;0.00;0.00;0.00;0.00;0.00;0.00;0.00;CNY;20151124
CHN;2016;WUH6600;ZB15CHN001;221;10000001;0.00;0.00;0.00;0.00;0.00;0.00;0.00;0.00;0.00;0.00;0.00;0.00;0.00;0.00;0.00;0.00;0.00;0.00;0.00;0.00;0.00;0.00;0.00;0.00;CNY;20151124
CHN;2016;WUH6600;C130480;321;10000001;0.00;0.00;0.00;0.00;0.00;0.00;0.00;0.00;0.00;0.00;0.00;0.00;0.00;0.00;0.00;0.00;0.00;0.00;0.00;0.00;0.00;0.00;0.00;0.00;CNY;20151124
CHN;2016;WUH6600;C140200;421;10000001;0.00;0.00;0.00;0.00;0.00;0.00;0.00;0.00;0.00;0.00;0.00;0.00;0.00;0.00;0.00;0.00;0.00;0.00;0.00;0.00;0.00;0.00;0.00;0.00;CNY;20151124
CHN;2016;WUH6600;C120643;421;10000001;0.00;0.00;0.00;0.00;0.00;0.00;0.00;0.00;0.00;0.00;0.00;0.00;0.00;0.00;0.00;0.00;0.00;0.00;0.00;0.00;0.00;0.00;0.00;0.00;CNY;20151124
CHN;2016;WUH6600;C110911;521;10000001;0.00;0.00;0.00;0.00;0.00;0.00;0.00;0.00;0.00;0.00;0.00;0.00;0.00;0.00;0.00;0.00;0.00;0.00;0.00;0.00;0.00;0.00;0.00;0.00;CNY;20151124
CHN;2016;WUH6600;C120020;621;10000001;0.00;0.00;0.00;0.00;0.00;0.00;0.00;0.00;0.00;0.00;0.00;0.00;0.00;0.00;0.00;0.00;0.00;0.00;0.00;0.00;0.00;0.00;0.00;0.00;CNY;20151124
CHN;2016;WUH6600;C130070;421;10000001;0.00;0.00;0.00;0.00;0.00;0.00;0.00;0.00;0.00;0.00;0.00;0.00;0.00;0.00;0.00;0.00;0.00;0.00;0.00;0.00;0.00;0.00;0.00;0.00;CNY;20151124
CHN;2016;WUH6600;C140020;321;10000001;0.00;0.00;0.00;0.00;0.00;0.00;0.00;0.00;0.00;0.00;0.00;0.00;0.00;0.00;0.00;0.00;0.00;0.00;0.00;0.00;0.00;0.00;0.00;0.00;CNY;20151124
CHN;2016;WUH6600;ZB15CHN003;321;10000001;0.00;0.00;0.00;0.00;0.00;0.00;0.00;0.00;0.00;0.00;0.00;0.00;0.00;0.00;0.00;0.00;0.00;0.00;0.00;0.00;0.00;0.00;0.00;0.00;CNY;20151124
CHN;2016;WUH6600;C120092;421;10000001;0.00;0.00;0.00;0.00;0.00;0.00;0.00;0.00;0.00;0.00;0.00;0.00;0.00;0.00;0.00;0.00;0.00;0.00;0.00;0.00;0.00;0.00;0.00;0.00;CNY;20151124
CHN;2016;WUH6600;C140470;421;10000001;0.00;0.00;0.00;0.00;0.00;0.00;0.00;0.00;0.00;0.00;0.00;0.00;0.00;0.00;0.00;0.00;0.00;0.00;0.00;0.00;0.00;0.00;0.00;0.00;CNY;20151124
CHN;2016;WUH6600;C090242;421;10000001;0.00;0.00;0.00;0.00;0.00;0.00;0.00;0.00;0.00;0.00;0.00;0.00;0.00;0.00;0.00;0.00;0.00;0.00;0.00;0.00;0.00;0.00;0.00;0.00;CNY;20151124
CHN;2016;WUH6600;C120532;421;10000001;0.00;0.00;0.00;0.00;0.00;0.00;0.00;0.00;0.00;0.00;0.00;0.00;0.00;0.00;0.00;0.00;0.00;0.00;0.00;0.00;0.00;0.00;0.00;0.00;CNY;20151124
CHN;2016;WUH6600;C080053;521;10000001;0.00;0.00;0.00;0.00;0.00;0.00;0.00;0.00;0.00;0.00;0.00;0.00;0.00;0.00;0.00;0.00;0.00;0.00;0.00;0.00;0.00;0.00;0.00;0.00;CNY;20151124
CHN;2016;WUH6600;C140151;321;10000001;0.00;0.00;0.00;0.00;0.00;0.00;0.00;0.00;0.00;0.00;0.00;0.00;0.00;0.00;0.00;0.00;0.00;0.00;0.00;0.00;0.00;0.00;0.00;0.00;CNY;20151124
CHN;2016;WUH6600;C120751;421;10000001;0.00;0.00;0.00;0.00;0.00;0.00;0.00;0.00;0.00;0.00;0.00;0.00;0.00;0.00;0.00;0.00;0.00;0.00;0.00;0.00;0.00;0.00;0.00;0.00;CNY;20151124
CHN;2016;WUH6600;C130217;421;10000001;0.00;0.00;0.00;0.00;0.00;0.00;0.00;0.00;0.00;0.00;0.00;0.00;0.00;0.00;0.00;0.00;0.00;0.00;0.00;0.00;0.00;0.00;0.00;0.00;CNY;20151124
CHN;2016;WUH6600;C100320;102;10000001;0.00;0.00;0.00;0.00;0.00;0.00;0.00;0.00;0.00;0.00;0.00;0.00;0.00;0.00;0.00;0.00;0.00;0.00;0.00;0.00;0.00;0.00;0.00;0.00;CNY;20151124
CHN;2016;WUH6600;A140500;000;10000001;0.00;0.00;0.00;0.00;0.00;0.00;0.00;0.00;0.00;0.00;0.00;0.00;0.00;0.00;0.00;0.00;0.00;0.00;0.00;0.00;0.00;0.00;0.00;0.00;CNY;20151124
CHN;2016;WUH6600;ZB15CHN002;000;10000001;0.00;0.00;0.00;0.00;0.00;0.00;0.00;0.00;0.00;0.00;0.00;0.00;0.00;0.00;0.00;0.00;0.00;0.00;0.00;0.00;0.00;0.00;0.00;0.00;CNY;20151124
CHN;2016;WUH6600;C080041;700;10000001;0.00;0.00;0.00;0.00;0.00;0.00;0.00;0.00;0.00;0.00;0.00;0.00;0.00;0.00;0.00;0.00;0.00;0.00;0.00;0.00;0.00;0.00;0.00;0.00;CNY;20151124
CHN;2016;WUH6600;C090053;700;10000001;0.00;0.00;0.00;0.00;0.00;0.00;0.00;0.00;0.00;0.00;0.00;0.00;0.00;0.00;0.00;0.00;0.00;0.00;0.00;0.00;0.00;0.00;0.00;0.00;CNY;20151124
CHN;2016;WUH6600;C090131;700;10000001;0.00;0.00;0.00;0.00;0.00;0.00;0.00;0.00;0.00;0.00;0.00;0.00;0.00;0.00;0.00;0.00;0.00;0.00;0.00;0.00;0.00;0.00;0.00;0.00;CNY;20151124
CHN;2016;WUH6603;C120550;521;10000001;0.00;0.00;0.00;0.00;0.00;0.00;0.00;0.00;0.00;0.00;0.00;0.00;0.00;0.00;0.00;0.00;0.00;0.00;0.00;0.00;0.00;0.00;0.00;0.00;CNY;20151124
CHN;2016;WUH6603;C140030;421;10000001;0.00;0.00;0.00;0.00;0.00;0.00;0.00;0.00;0.00;0.00;0.00;0.00;0.00;0.00;0.00;0.00;0.00;0.00;0.00;0.00;0.00;0.00;0.00;0.00;CNY;20151124
CHN;2016;WUH6603;ZB15CHN001;221;10000001;0.00;0.00;0.00;0.00;0.00;0.00;0.00;0.00;0.00;0.00;0.00;0.00;0.00;0.00;0.00;0.00;0.00;0.00;0.00;0.00;0.00;0.00;0.00;0.00;CNY;20151124
CHN;2016;WUH6603;C140200;421;10000001;0.00;0.00;0.00;0.00;0.00;0.00;0.00;0.00;0.00;0.00;0.00;0.00;0.00;0.00;0.00;0.00;0.00;0.00;0.00;0.00;0.00;0.00;0.00;0.00;CNY;20151124
CHN;2016;WUH6603;C120643;421;10000001;0.00;0.00;0.00;0.00;0.00;0.00;0.00;0.00;0.00;0.00;0.00;0.00;0.00;0.00;0.00;0.00;0.00;0.00;0.00;0.00;0.00;0.00;0.00;0.00;CNY;20151124
CHN;2016;WUH6603;C130290;621;10000001;0.00;0.00;0.00;0.00;0.00;0.00;0.00;0.00;0.00;0.00;0.00;0.00;0.00;0.00;0.00;0.00;0.00;0.00;0.00;0.00;0.00;0.00;0.00;0.00;CNY;20151124
CHN;2016;WUH6603;C140310;221;10000001;0.00;0.00;0.00;0.00;0.00;0.00;0.00;0.00;0.00;0.00;0.00;0.00;0.00;0.00;0.00;0.00;0.00;0.00;0.00;0.00;0.00;0.00;0.00;0.00;CNY;20151124
CHN;2016;WUH6603;C140020;321;10000001;0.00;0.00;0.00;0.00;0.00;0.00;0.00;0.00;0.00;0.00;0.00;0.00;0.00;0.00;0.00;0.00;0.00;0.00;0.00;0.00;0.00;0.00;0.00;0.00;CNY;20151124
CHN;2016;WUH6603;ZB15CHN003;321;10000001;0.00;0.00;0.00;0.00;0.00;0.00;0.00;0.00;0.00;0.00;0.00;0.00;0.00;0.00;0.00;0.00;0.00;0.00;0.00;0.00;0.00;0.00;0.00;0.00;CNY;20151124
CHN;2016;WUH6603;C140151;321;10000001;0.00;0.00;0.00;0.00;0.00;0.00;0.00;0.00;0.00;0.00;0.00;0.00;0.00;0.00;0.00;0.00;0.00;0.00;0.00;0.00;0.00;0.00;0.00;0.00;CNY;20151124
CHN;2016;WUH6603;C100320;102;10000001;0.00;0.00;0.00;0.00;0.00;0.00;0.00;0.00;0.00;0.00;0.00;0.00;0.00;0.00;0.00;0.00;0.00;0.00;0.00;0.00;0.00;0.00;0.00;0.00;CNY;20151124
CHN;2016;WUH6602;C130480;321;10000001;0.00;0.00;0.00;0.00;0.00;0.00;0.00;0.00;0.00;0.00;0.00;0.00;0.00;0.00;0.00;0.00;0.00;0.00;0.00;0.00;0.00;0.00;0.00;0.00;CNY;20151124
CHN;2016;WUH6100;C120450;700;10000001;0.00;0.00;0.00;0.00;0.00;0.00;0.00;0.00;0.00;0.00;0.00;0.00;0.00;0.00;0.00;0.00;0.00;0.00;0.00;0.00;0.00;0.00;0.00;0.00;CNY;20151124
CHN;2016;WUH6100;C120550;531;10000001;0.00;0.00;0.00;0.00;0.00;0.00;0.00;0.00;0.00;0.00;0.00;0.00;0.00;0.00;0.00;0.00;0.00;0.00;0.00;0.00;0.00;0.00;0.00;0.00;CNY;20151124
CHN;2016;WUH6100;C140030;431;10000001;0.00;0.00;0.00;0.00;0.00;0.00;0.00;0.00;0.00;0.00;0.00;0.00;0.00;0.00;0.00;0.00;0.00;0.00;0.00;0.00;0.00;0.00;0.00;0.00;CNY;20151124
CHN;2016;WUH6100;C140200;431;10000001;0.00;0.00;0.00;0.00;0.00;0.00;0.00;0.00;0.00;0.00;0.00;0.00;0.00;0.00;0.00;0.00;0.00;0.00;0.00;0.00;0.00;0.00;0.00;0.00;CNY;20151124
CHN;2016;WUH6100;C120643;431;10000001;0.00;0.00;0.00;0.00;0.00;0.00;0.00;0.00;0.00;0.00;0.00;0.00;0.00;0.00;0.00;0.00;0.00;0.00;0.00;0.00;0.00;0.00;0.00;0.00;CNY;20151124
CHN;2016;WUH6100;C130290;631;10000001;0.00;0.00;0.00;0.00;0.00;0.00;0.00;0.00;0.00;0.00;0.00;0.00;0.00;0.00;0.00;0.00;0.00;0.00;0.00;0.00;0.00;0.00;0.00;0.00;CNY;20151124
CHN;2016;WUH6100;C140310;231;10000001;0.00;0.00;0.00;0.00;0.00;0.00;0.00;0.00;0.00;0.00;0.00;0.00;0.00;0.00;0.00;0.00;0.00;0.00;0.00;0.00;0.00;0.00;0.00;0.00;CNY;20151124
CHN;2016;WUH6100;C120020;631;10000001;0.00;0.00;0.00;0.00;0.00;0.00;0.00;0.00;0.00;0.00;0.00;0.00;0.00;0.00;0.00;0.00;0.00;0.00;0.00;0.00;0.00;0.00;0.00;0.00;CNY;20151124
CHN;2016;WUH6100;C130070;431;10000001;0.00;0.00;0.00;0.00;0.00;0.00;0.00;0.00;0.00;0.00;0.00;0.00;0.00;0.00;0.00;0.00;0.00;0.00;0.00;0.00;0.00;0.00;0.00;0.00;CNY;20151124
CHN;2016;WUH6100;C140020;331;10000001;0.00;0.00;0.00;0.00;0.00;0.00;0.00;0.00;0.00;0.00;0.00;0.00;0.00;0.00;0.00;0.00;0.00;0.00;0.00;0.00;0.00;0.00;0.00;0.00;CNY;20151124
CHN;2016;WUH6100;ZB15CHN003;331;10000001;0.00;0.00;0.00;0.00;0.00;0.00;0.00;0.00;0.00;0.00;0.00;0.00;0.00;0.00;0.00;0.00;0.00;0.00;0.00;0.00;0.00;0.00;0.00;0.00;CNY;20151124
CHN;2016;WUH6100;C120092;431;10000001;0.00;0.00;0.00;0.00;0.00;0.00;0.00;0.00;0.00;0.00;0.00;0.00;0.00;0.00;0.00;0.00;0.00;0.00;0.00;0.00;0.00;0.00;0.00;0.00;CNY;20151124
CHN;2016;WUH6100;C140470;431;10000001;0.00;0.00;0.00;0.00;0.00;0.00;0.00;0.00;0.00;0.00;0.00;0.00;0.00;0.00;0.00;0.00;0.00;0.00;0.00;0.00;0.00;0.00;0.00;0.00;CNY;20151124
CHN;2016;WUH6100;C100517;700;10000001;0.00;0.00;0.00;0.00;0.00;0.00;0.00;0.00;0.00;0.00;0.00;0.00;0.00;0.00;0.00;0.00;0.00;0.00;0.00;0.00;0.00;0.00;0.00;0.00;CNY;20151124
CHN;2016;WUH6100;C090242;431;10000001;0.00;0.00;0.00;0.00;0.00;0.00;0.00;0.00;0.00;0.00;0.00;0.00;0.00;0.00;0.00;0.00;0.00;0.00;0.00;0.00;0.00;0.00;0.00;0.00;CNY;20151124
CHN;2016;WUH6100;C120532;431;10000001;0.00;0.00;0.00;0.00;0.00;0.00;0.00;0.00;0.00;0.00;0.00;0.00;0.00;0.00;0.00;0.00;0.00;0.00;0.00;0.00;0.00;0.00;0.00;0.00;CNY;20151124
CHN;2016;WUH6100;C080053;531;10000001;0.00;0.00;0.00;0.00;0.00;0.00;0.00;0.00;0.00;0.00;0.00;0.00;0.00;0.00;0.00;0.00;0.00;0.00;0.00;0.00;0.00;0.00;0.00;0.00;CNY;20151124
CHN;2016;WUH6100;C140151;331;10000001;0.00;0.00;0.00;0.00;0.00;0.00;0.00;0.00;0.00;0.00;0.00;0.00;0.00;0.00;0.00;0.00;0.00;0.00;0.00;0.00;0.00;0.00;0.00;0.00;CNY;20151124
CHN;2016;WUH6100;C120751;431;10000001;0.00;0.00;0.00;0.00;0.00;0.00;0.00;0.00;0.00;0.00;0.00;0.00;0.00;0.00;0.00;0.00;0.00;0.00;0.00;0.00;0.00;0.00;0.00;0.00;CNY;20151124
CHN;2016;WUH6100;C130217;431;10000001;0.00;0.00;0.00;0.00;0.00;0.00;0.00;0.00;0.00;0.00;0.00;0.00;0.00;0.00;0.00;0.00;0.00;0.00;0.00;0.00;0.00;0.00;0.00;0.00;CNY;20151124
CHN;2016;WUH6100;C130561;331;10000001;0.00;0.00;0.00;0.00;0.00;0.00;0.00;0.00;0.00;0.00;0.00;0.00;0.00;0.00;0.00;0.00;0.00;0.00;0.00;0.00;0.00;0.00;0.00;0.00;CNY;20151124
CHN;2016;WUH6101;C100190;631;10000001;0.00;0.00;0.00;0.00;0.00;0.00;0.00;0.00;0.00;0.00;0.00;0.00;0.00;0.00;0.00;0.00;0.00;0.00;0.00;0.00;0.00;0.00;0.00;0.00;CNY;20151124
CHN;2016;WUH6101;C120450;700;10000001;0.00;0.00;0.00;0.00;0.00;0.00;0.00;0.00;0.00;0.00;0.00;0.00;0.00;0.00;0.00;0.00;0.00;0.00;0.00;0.00;0.00;0.00;0.00;0.00;CNY;20151124
CHN;2016;WUH6101;C120550;531;10000001;0.00;0.00;0.00;0.00;0.00;0.00;0.00;0.00;0.00;0.00;0.00;0.00;0.00;0.00;0.00;0.00;0.00;0.00;0.00;0.00;0.00;0.00;0.00;0.00;CNY;20151124
CHN;2016;WUH6101;C140030;431;10000001;0.00;0.00;0.00;0.00;0.00;0.00;0.00;0.00;0.00;0.00;0.00;0.00;0.00;0.00;0.00;0.00;0.00;0.00;0.00;0.00;0.00;0.00;0.00;0.00;CNY;20151124
CHN;2016;WUH6101;C140200;431;10000001;0.00;0.00;0.00;0.00;0.00;0.00;0.00;0.00;0.00;0.00;0.00;0.00;0.00;0.00;0.00;0.00;0.00;0.00;0.00;0.00;0.00;0.00;0.00;0.00;CNY;20151124
CHN;2016;WUH6101;C120643;431;10000001;0.00;0.00;0.00;0.00;0.00;0.00;0.00;0.00;0.00;0.00;0.00;0.00;0.00;0.00;0.00;0.00;0.00;0.00;0.00;0.00;0.00;0.00;0.00;0.00;CNY;20151124
CHN;2016;WUH6101;C130290;631;10000001;0.00;0.00;0.00;0.00;0.00;0.00;0.00;0.00;0.00;0.00;0.00;0.00;0.00;0.00;0.00;0.00;0.00;0.00;0.00;0.00;0.00;0.00;0.00;0.00;CNY;20151124
CHN;2016;WUH6101;C140310;231;10000001;0.00;0.00;0.00;0.00;0.00;0.00;0.00;0.00;0.00;0.00;0.00;0.00;0.00;0.00;0.00;0.00;0.00;0.00;0.00;0.00;0.00;0.00;0.00;0.00;CNY;20151124
CHN;2016;WUH6101;C120020;631;10000001;0.00;0.00;0.00;0.00;0.00;0.00;0.00;0.00;0.00;0.00;0.00;0.00;0.00;0.00;0.00;0.00;0.00;0.00;0.00;0.00;0.00;0.00;0.00;0.00;CNY;20151124
CHN;2016;WUH6101;C130070;431;10000001;0.00;0.00;0.00;0.00;0.00;0.00;0.00;0.00;0.00;0.00;0.00;0.00;0.00;0.00;0.00;0.00;0.00;0.00;0.00;0.00;0.00;0.00;0.00;0.00;CNY;20151124
CHN;2016;WUH6101;C140020;331;10000001;0.00;0.00;0.00;0.00;0.00;0.00;0.00;0.00;0.00;0.00;0.00;0.00;0.00;0.00;0.00;0.00;0.00;0.00;0.00;0.00;0.00;0.00;0.00;0.00;CNY;20151124
CHN;2016;WUH6101;ZB15CHN003;331;10000001;0.00;0.00;0.00;0.00;0.00;0.00;0.00;0.00;0.00;0.00;0.00;0.00;0.00;0.00;0.00;0.00;0.00;0.00;0.00;0.00;0.00;0.00;0.00;0.00;CNY;20151124
CHN;2016;WUH6101;C090106;700;10000001;0.00;0.00;0.00;0.00;0.00;0.00;0.00;0.00;0.00;0.00;0.00;0.00;0.00;0.00;0.00;0.00;0.00;0.00;0.00;0.00;0.00;0.00;0.00;0.00;CNY;20151124
CHN;2016;WUH6101;C120092;431;10000001;0.00;0.00;0.00;0.00;0.00;0.00;0.00;0.00;0.00;0.00;0.00;0.00;0.00;0.00;0.00;0.00;0.00;0.00;0.00;0.00;0.00;0.00;0.00;0.00;CNY;20151124
CHN;2016;WUH6101;C100511;700;10000001;0.00;0.00;0.00;0.00;0.00;0.00;0.00;0.00;0.00;0.00;0.00;0.00;0.00;0.00;0.00;0.00;0.00;0.00;0.00;0.00;0.00;0.00;0.00;0.00;CNY;20151124
CHN;2016;WUH6101;C140470;431;10000001;0.00;0.00;0.00;0.00;0.00;0.00;0.00;0.00;0.00;0.00;0.00;0.00;0.00;0.00;0.00;0.00;0.00;0.00;0.00;0.00;0.00;0.00;0.00;0.00;CNY;20151124
CHN;2016;WUH6101;C100517;700;10000001;0.00;0.00;0.00;0.00;0.00;0.00;0.00;0.00;0.00;0.00;0.00;0.00;0.00;0.00;0.00;0.00;0.00;0.00;0.00;0.00;0.00;0.00;0.00;0.00;CNY;20151124
CHN;2016;WUH6101;C090242;431;10000001;0.00;0.00;0.00;0.00;0.00;0.00;0.00;0.00;0.00;0.00;0.00;0.00;0.00;0.00;0.00;0.00;0.00;0.00;0.00;0.00;0.00;0.00;0.00;0.00;CNY;20151124
CHN;2016;WUH6101;C120532;431;10000001;0.00;0.00;0.00;0.00;0.00;0.00;0.00;0.00;0.00;0.00;0.00;0.00;0.00;0.00;0.00;0.00;0.00;0.00;0.00;0.00;0.00;0.00;0.00;0.00;CNY;20151124
CHN;2016;WUH6101;C080053;531;10000001;0.00;0.00;0.00;0.00;0.00;0.00;0.00;0.00;0.00;0.00;0.00;0.00;0.00;0.00;0.00;0.00;0.00;0.00;0.00;0.00;0.00;0.00;0.00;0.00;CNY;20151124
CHN;2016;WUH6101;C140151;331;10000001;0.00;0.00;0.00;0.00;0.00;0.00;0.00;0.00;0.00;0.00;0.00;0.00;0.00;0.00;0.00;0.00;0.00;0.00;0.00;0.00;0.00;0.00;0.00;0.00;CNY;20151124
CHN;2016;WUH6101;C120751;431;10000001;0.00;0.00;0.00;0.00;0.00;0.00;0.00;0.00;0.00;0.00;0.00;0.00;0.00;0.00;0.00;0.00;0.00;0.00;0.00;0.00;0.00;0.00;0.00;0.00;CNY;20151124
CHN;2016;WUH6101;C130217;431;10000001;0.00;0.00;0.00;0.00;0.00;0.00;0.00;0.00;0.00;0.00;0.00;0.00;0.00;0.00;0.00;0.00;0.00;0.00;0.00;0.00;0.00;0.00;0.00;0.00;CNY;20151124
CHN;2016;WUH6101;C130561;331;10000001;0.00;0.00;0.00;0.00;0.00;0.00;0.00;0.00;0.00;0.00;0.00;0.00;0.00;0.00;0.00;0.00;0.00;0.00;0.00;0.00;0.00;0.00;0.00;0.00;CNY;20151124
CHN;2016;WUH6101;C130481;231;10000001;0.00;0.00;0.00;0.00;0.00;0.00;0.00;0.00;0.00;0.00;0.00;0.00;0.00;0.00;0.00;0.00;0.00;0.00;0.00;0.00;0.00;0.00;0.00;0.00;CNY;20151124
CHN;2016;WUH6101;C130483;231;10000001;0.00;0.00;0.00;0.00;0.00;0.00;0.00;0.00;0.00;0.00;0.00;0.00;0.00;0.00;0.00;0.00;0.00;0.00;0.00;0.00;0.00;0.00;0.00;0.00;CNY;20151124
CHN;2016;WUH6102;C120550;531;10000001;0.00;0.00;0.00;0.00;0.00;0.00;0.00;0.00;0.00;0.00;0.00;0.00;0.00;0.00;0.00;0.00;0.00;0.00;0.00;0.00;0.00;0.00;0.00;0.00;CNY;20151124
CHN;2016;WUH6102;C140030;431;10000001;0.00;0.00;0.00;0.00;0.00;0.00;0.00;0.00;0.00;0.00;0.00;0.00;0.00;0.00;0.00;0.00;0.00;0.00;0.00;0.00;0.00;0.00;0.00;0.00;CNY;20151124
CHN;2016;WUH6102;C140200;431;10000001;0.00;0.00;0.00;0.00;0.00;0.00;0.00;0.00;0.00;0.00;0.00;0.00;0.00;0.00;0.00;0.00;0.00;0.00;0.00;0.00;0.00;0.00;0.00;0.00;CNY;20151124
CHN;2016;WUH6102;C120643;431;10000001;0.00;0.00;0.00;0.00;0.00;0.00;0.00;0.00;0.00;0.00;0.00;0.00;0.00;0.00;0.00;0.00;0.00;0.00;0.00;0.00;0.00;0.00;0.00;0.00;CNY;20151124
CHN;2016;WUH6102;C130290;631;10000001;0.00;0.00;0.00;0.00;0.00;0.00;0.00;0.00;0.00;0.00;0.00;0.00;0.00;0.00;0.00;0.00;0.00;0.00;0.00;0.00;0.00;0.00;0.00;0.00;CNY;20151124
CHN;2016;WUH6102;C140310;231;10000001;0.00;0.00;0.00;0.00;0.00;0.00;0.00;0.00;0.00;0.00;0.00;0.00;0.00;0.00;0.00;0.00;0.00;0.00;0.00;0.00;0.00;0.00;0.00;0.00;CNY;20151124
CHN;2016;WUH6102;C120020;631;10000001;0.00;0.00;0.00;0.00;0.00;0.00;0.00;0.00;0.00;0.00;0.00;0.00;0.00;0.00;0.00;0.00;0.00;0.00;0.00;0.00;0.00;0.00;0.00;0.00;CNY;20151124
CHN;2016;WUH6102;C130070;431;10000001;0.00;0.00;0.00;0.00;0.00;0.00;0.00;0.00;0.00;0.00;0.00;0.00;0.00;0.00;0.00;0.00;0.00;0.00;0.00;0.00;0.00;0.00;0.00;0.00;CNY;20151124
CHN;2016;WUH6102;C140020;331;10000001;0.00;0.00;0.00;0.00;0.00;0.00;0.00;0.00;0.00;0.00;0.00;0.00;0.00;0.00;0.00;0.00;0.00;0.00;0.00;0.00;0.00;0.00;0.00;0.00;CNY;20151124
CHN;2016;WUH6102;ZB15CHN003;331;10000001;0.00;0.00;0.00;0.00;0.00;0.00;0.00;0.00;0.00;0.00;0.00;0.00;0.00;0.00;0.00;0.00;0.00;0.00;0.00;0.00;0.00;0.00;0.00;0.00;CNY;20151124
CHN;2016;WUH6102;C120092;431;10000001;0.00;0.00;0.00;0.00;0.00;0.00;0.00;0.00;0.00;0.00;0.00;0.00;0.00;0.00;0.00;0.00;0.00;0.00;0.00;0.00;0.00;0.00;0.00;0.00;CNY;20151124
CHN;2016;WUH6102;C100511;700;10000001;0.00;0.00;0.00;0.00;0.00;0.00;0.00;0.00;0.00;0.00;0.00;0.00;0.00;0.00;0.00;0.00;0.00;0.00;0.00;0.00;0.00;0.00;0.00;0.00;CNY;20151124
CHN;2016;WUH6102;C140470;431;10000001;0.00;0.00;0.00;0.00;0.00;0.00;0.00;0.00;0.00;0.00;0.00;0.00;0.00;0.00;0.00;0.00;0.00;0.00;0.00;0.00;0.00;0.00;0.00;0.00;CNY;20151124
CHN;2016;WUH6102;C090242;431;10000001;0.00;0.00;0.00;0.00;0.00;0.00;0.00;0.00;0.00;0.00;0.00;0.00;0.00;0.00;0.00;0.00;0.00;0.00;0.00;0.00;0.00;0.00;0.00;0.00;CNY;20151124
CHN;2016;WUH6102;C120532;431;10000001;0.00;0.00;0.00;0.00;0.00;0.00;0.00;0.00;0.00;0.00;0.00;0.00;0.00;0.00;0.00;0.00;0.00;0.00;0.00;0.00;0.00;0.00;0.00;0.00;CNY;20151124
CHN;2016;WUH6102;C080053;531;10000001;0.00;0.00;0.00;0.00;0.00;0.00;0.00;0.00;0.00;0.00;0.00;0.00;0.00;0.00;0.00;0.00;0.00;0.00;0.00;0.00;0.00;0.00;0.00;0.00;CNY;20151124
CHN;2016;WUH6102;C140151;331;10000001;0.00;0.00;0.00;0.00;0.00;0.00;0.00;0.00;0.00;0.00;0.00;0.00;0.00;0.00;0.00;0.00;0.00;0.00;0.00;0.00;0.00;0.00;0.00;0.00;CNY;20151124
CHN;2016;WUH6102;C120751;431;10000001;0.00;0.00;0.00;0.00;0.00;0.00;0.00;0.00;0.00;0.00;0.00;0.00;0.00;0.00;0.00;0.00;0.00;0.00;0.00;0.00;0.00;0.00;0.00;0.00;CNY;20151124
CHN;2016;WUH6102;C130217;431;10000001;0.00;0.00;0.00;0.00;0.00;0.00;0.00;0.00;0.00;0.00;0.00;0.00;0.00;0.00;0.00;0.00;0.00;0.00;0.00;0.00;0.00;0.00;0.00;0.00;CNY;20151124
CHN;2016;WUH6600;N000021;000;10000000;0.00;0.00;0.00;0.00;0.00;0.00;0.00;0.00;0.00;0.00;0.00;0.00;200.00;0.00;0.00;0.00;0.00;0.00;0.00;0.00;0.00;0.00;0.00;0.00;CNY;20151124
CHN;2016;WUH6102;A080004;000;10000001;0.00;0.00;0.00;0.00;0.00;0.00;0.00;0.00;0.00;0.00;0.00;0.00;0.00;0.00;0.00;0.00;0.00;0.00;0.00;0.00;0.00;0.00;0.00;0.00;CNY;20151124
CHN;2016;WUH6102;C100551;431;10000001;0.00;0.00;0.00;0.00;0.00;0.00;0.00;0.00;0.00;0.00;0.00;0.00;0.00;0.00;0.00;0.00;0.00;0.00;0.00;0.00;0.00;0.00;0.00;0.00;CNY;20151124
CHN;2016;WUH6102;C110292;431;10000001;0.00;0.00;0.00;0.00;0.00;0.00;0.00;0.00;0.00;0.00;0.00;0.00;0.00;0.00;0.00;0.00;0.00;0.00;0.00;0.00;0.00;0.00;0.00;0.00;CNY;20151124
CHN;2016;WUH6102;C120641;431;10000001;0.00;0.00;0.00;0.00;0.00;0.00;0.00;0.00;0.00;0.00;0.00;0.00;0.00;0.00;0.00;0.00;0.00;0.00;0.00;0.00;0.00;0.00;0.00;0.00;CNY;20151124
CHN;2016;WUH6102;C120590;531;10000001;0.00;0.00;0.00;0.00;0.00;0.00;0.00;0.00;0.00;0.00;0.00;0.00;0.00;0.00;0.00;0.00;0.00;0.00;0.00;0.00;0.00;0.00;0.00;0.00;CNY;20151124
CHN;2016;WUH6102;C130731;331;10000001;0.00;0.00;0.00;0.00;0.00;0.00;0.00;0.00;0.00;0.00;0.00;0.00;0.00;0.00;0.00;0.00;0.00;0.00;0.00;0.00;0.00;0.00;0.00;0.00;CNY;20151124
CHN;2016;WUH6102;C130660;431;10000001;0.00;0.00;0.00;0.00;0.00;0.00;0.00;0.00;0.00;0.00;0.00;0.00;0.00;0.00;0.00;0.00;0.00;0.00;0.00;0.00;0.00;0.00;0.00;0.00;CNY;20151124
CHN;2016;WUH6102;C100554;331;10000001;0.00;0.00;0.00;0.00;0.00;0.00;0.00;0.00;0.00;0.00;0.00;0.00;0.00;0.00;0.00;0.00;0.00;0.00;0.00;0.00;0.00;0.00;0.00;0.00;CNY;20151124
CHN;2016;WUH6102;C100558;431;10000001;0.00;0.00;0.00;0.00;0.00;0.00;0.00;0.00;0.00;0.00;0.00;0.00;0.00;0.00;0.00;0.00;0.00;0.00;0.00;0.00;0.00;0.00;0.00;0.00;CNY;20151124
CHN;2016;WUH6102;C100557;431;10000001;0.00;0.00;0.00;0.00;0.00;0.00;0.00;0.00;0.00;0.00;0.00;0.00;0.00;0.00;0.00;0.00;0.00;0.00;0.00;0.00;0.00;0.00;0.00;0.00;CNY;20151124
CHN;2016;WUH6101;C140020;331;10000003;0.00;0.00;0.00;0.00;0.00;0.00;0.00;0.00;0.00;0.00;0.00;0.00;0.00;0.00;0.00;0.00;0.00;0.00;0.00;0.00;0.00;0.00;0.00;0.00;CNY;20151124
CHN;2016;WUH6101;ZB15CHN003;331;10000003;0.00;0.00;0.00;0.00;0.00;0.00;0.00;0.00;0.00;0.00;0.00;0.00;0.00;0.00;0.00;0.00;0.00;0.00;0.00;0.00;0.00;0.00;0.00;0.00;CNY;20151124
CHN;2016;WUH6101;C140151;331;10000003;0.00;0.00;0.00;0.00;0.00;0.00;0.00;0.00;0.00;0.00;0.00;0.00;0.00;0.00;0.00;0.00;0.00;0.00;0.00;0.00;0.00;0.00;0.00;0.00;CNY;20151124
CHN;2016;WUH6200;C100190;611;10000001;0.00;0.00;0.00;0.00;0.00;0.00;0.00;0.00;0.00;0.00;0.00;0.00;0.00;0.00;0.00;0.00;0.00;0.00;0.00;0.00;0.00;0.00;0.00;0.00;CNY;20151124
CHN;2016;WUH6200;C100190;700;10000001;0.00;0.00;0.00;0.00;0.00;0.00;0.00;0.00;0.00;0.00;0.00;0.00;0.00;0.00;0.00;0.00;0.00;0.00;0.00;0.00;0.00;0.00;0.00;0.00;CNY;20151124
CHN;2016;WUH6200;C120450;611;10000001;0.00;0.00;0.00;0.00;0.00;0.00;0.00;0.00;0.00;0.00;0.00;0.00;0.00;0.00;0.00;0.00;0.00;0.00;0.00;0.00;0.00;0.00;0.00;0.00;CNY;20151124
CHN;2016;WUH6200;C120450;700;10000001;0.00;0.00;0.00;0.00;0.00;0.00;0.00;0.00;0.00;0.00;0.00;0.00;0.00;0.00;0.00;0.00;0.00;0.00;0.00;0.00;0.00;0.00;0.00;0.00;CNY;20151124
CHN;2016;WUH6200;C120550;511;10000001;0.00;0.00;0.00;0.00;0.00;0.00;0.00;0.00;0.00;0.00;0.00;0.00;0.00;0.00;0.00;0.00;0.00;0.00;0.00;0.00;0.00;0.00;0.00;0.00;CNY;20151124
CHN;2016;WUH6200;C140030;411;10000001;0.00;0.00;0.00;0.00;0.00;0.00;0.00;0.00;0.00;0.00;0.00;0.00;0.00;0.00;0.00;0.00;0.00;0.00;0.00;0.00;0.00;0.00;0.00;0.00;CNY;20151124
CHN;2016;WUH6200;ZB15CHN001;211;10000001;0.00;0.00;0.00;0.00;0.00;0.00;0.00;0.00;0.00;0.00;0.00;0.00;0.00;0.00;0.00;0.00;0.00;0.00;0.00;0.00;0.00;0.00;0.00;0.00;CNY;20151124
CHN;2016;WUH6200;C140200;411;10000001;0.00;0.00;0.00;0.00;0.00;0.00;0.00;0.00;0.00;0.00;0.00;0.00;0.00;0.00;0.00;0.00;0.00;0.00;0.00;0.00;0.00;0.00;0.00;0.00;CNY;20151124
CHN;2016;WUH6200;C120643;411;10000001;0.00;0.00;0.00;0.00;0.00;0.00;0.00;0.00;0.00;0.00;0.00;0.00;0.00;0.00;0.00;0.00;0.00;0.00;0.00;0.00;0.00;0.00;0.00;0.00;CNY;20151124
CHN;2016;WUH6200;C130290;611;10000001;0.00;0.00;0.00;0.00;0.00;0.00;0.00;0.00;0.00;0.00;0.00;0.00;0.00;0.00;0.00;0.00;0.00;0.00;0.00;0.00;0.00;0.00;0.00;0.00;CNY;20151124
CHN;2016;WUH6200;C130290;700;10000001;0.00;0.00;0.00;0.00;0.00;0.00;0.00;0.00;0.00;0.00;0.00;0.00;0.00;0.00;0.00;0.00;0.00;0.00;0.00;0.00;0.00;0.00;0.00;0.00;CNY;20151124
CHN;2016;WUH6200;C140310;211;10000001;0.00;0.00;0.00;0.00;0.00;0.00;0.00;0.00;0.00;0.00;0.00;0.00;0.00;0.00;0.00;0.00;0.00;0.00;0.00;0.00;0.00;0.00;0.00;0.00;CNY;20151124
CHN;2016;WUH6200;C110911;511;10000001;0.00;0.00;0.00;0.00;0.00;0.00;0.00;0.00;0.00;0.00;0.00;0.00;0.00;0.00;0.00;0.00;0.00;0.00;0.00;0.00;0.00;0.00;0.00;0.00;CNY;20151124
CHN;2016;WUH6200;C120020;611;10000001;0.00;0.00;0.00;0.00;0.00;0.00;0.00;0.00;0.00;0.00;0.00;0.00;0.00;0.00;0.00;0.00;0.00;0.00;0.00;0.00;0.00;0.00;0.00;0.00;CNY;20151124
CHN;2016;WUH6200;C120020;700;10000001;0.00;0.00;0.00;0.00;0.00;0.00;0.00;0.00;0.00;0.00;0.00;0.00;0.00;0.00;0.00;0.00;0.00;0.00;0.00;0.00;0.00;0.00;0.00;0.00;CNY;20151124
CHN;2016;WUH6200;C130070;411;10000001;0.00;0.00;0.00;0.00;0.00;0.00;0.00;0.00;0.00;0.00;0.00;0.00;0.00;0.00;0.00;0.00;0.00;0.00;0.00;0.00;0.00;0.00;0.00;0.00;CNY;20151124
CHN;2016;WUH6200;C140020;311;10000001;0.00;0.00;0.00;0.00;0.00;0.00;0.00;0.00;0.00;0.00;0.00;0.00;0.00;0.00;0.00;0.00;0.00;0.00;0.00;0.00;0.00;0.00;0.00;0.00;CNY;20151124
CHN;2016;WUH6200;ZB15CHN003;311;10000001;0.00;0.00;0.00;0.00;0.00;0.00;0.00;0.00;0.00;0.00;0.00;0.00;0.00;0.00;0.00;0.00;0.00;0.00;0.00;0.00;0.00;0.00;0.00;0.00;CNY;20151124
CHN;2016;WUH6200;C120092;411;10000001;0.00;0.00;0.00;0.00;0.00;0.00;0.00;0.00;0.00;0.00;0.00;0.00;0.00;0.00;0.00;0.00;0.00;0.00;0.00;0.00;0.00;0.00;0.00;0.00;CNY;20151124
CHN;2016;WUH6200;C100511;700;10000001;0.00;0.00;0.00;0.00;0.00;0.00;0.00;0.00;0.00;0.00;0.00;0.00;0.00;0.00;0.00;0.00;0.00;0.00;0.00;0.00;0.00;0.00;0.00;0.00;CNY;20151124
CHN;2016;WUH6200;C140470;411;10000001;0.00;0.00;0.00;0.00;0.00;0.00;0.00;0.00;0.00;0.00;0.00;0.00;0.00;0.00;0.00;0.00;0.00;0.00;0.00;0.00;0.00;0.00;0.00;0.00;CNY;20151124
CHN;2016;WUH6200;C100517;700;10000001;0.00;0.00;0.00;0.00;0.00;0.00;0.00;0.00;0.00;0.00;0.00;0.00;0.00;0.00;0.00;0.00;0.00;0.00;0.00;0.00;0.00;0.00;0.00;0.00;CNY;20151124
CHN;2016;WUH6200;C090242;411;10000001;0.00;0.00;0.00;0.00;0.00;0.00;0.00;0.00;0.00;0.00;0.00;0.00;0.00;0.00;0.00;0.00;0.00;0.00;0.00;0.00;0.00;0.00;0.00;0.00;CNY;20151124
CHN;2016;WUH6200;C120532;411;10000001;0.00;0.00;0.00;0.00;0.00;0.00;0.00;0.00;0.00;0.00;0.00;0.00;0.00;0.00;0.00;0.00;0.00;0.00;0.00;0.00;0.00;0.00;0.00;0.00;CNY;20151124
CHN;2016;WUH6200;ZB15GMW004;700;10000001;0.00;0.00;0.00;0.00;0.00;0.00;0.00;0.00;0.00;0.00;0.00;0.00;0.00;0.00;0.00;0.00;0.00;0.00;0.00;0.00;0.00;0.00;0.00;0.00;CNY;20151124
CHN;2016;WUH6200;C080053;511;10000001;0.00;0.00;0.00;0.00;0.00;0.00;0.00;0.00;0.00;0.00;0.00;0.00;0.00;0.00;0.00;0.00;0.00;0.00;0.00;0.00;0.00;0.00;0.00;0.00;CNY;20151124
CHN;2016;WUH6200;C140151;311;10000001;0.00;0.00;0.00;0.00;0.00;0.00;0.00;0.00;0.00;0.00;0.00;0.00;0.00;0.00;0.00;0.00;0.00;0.00;0.00;0.00;0.00;0.00;0.00;0.00;CNY;20151124
CHN;2016;WUH6200;C120751;411;10000001;0.00;0.00;0.00;0.00;0.00;0.00;0.00;0.00;0.00;0.00;0.00;0.00;0.00;0.00;0.00;0.00;0.00;0.00;0.00;0.00;0.00;0.00;0.00;0.00;CNY;20151124
CHN;2016;WUH6200;C130217;411;10000001;0.00;0.00;0.00;0.00;0.00;0.00;0.00;0.00;0.00;0.00;0.00;0.00;0.00;0.00;0.00;0.00;0.00;0.00;0.00;0.00;0.00;0.00;0.00;0.00;CNY;20151124
CHN;2016;WUH6200;C100320;102;10000001;0.00;0.00;0.00;0.00;0.00;0.00;0.00;0.00;0.00;0.00;0.00;0.00;0.00;0.00;0.00;0.00;0.00;0.00;0.00;0.00;0.00;0.00;0.00;0.00;CNY;20151124
CHN;2016;WUH6201;C100190;611;10000001;0.00;0.00;0.00;0.00;0.00;0.00;0.00;0.00;0.00;0.00;0.00;0.00;0.00;0.00;0.00;0.00;0.00;0.00;0.00;0.00;0.00;0.00;0.00;0.00;CNY;20151124
CHN;2016;WUH6201;C120450;611;10000001;0.00;0.00;0.00;0.00;0.00;0.00;0.00;0.00;0.00;0.00;0.00;0.00;0.00;0.00;0.00;0.00;0.00;0.00;0.00;0.00;0.00;0.00;0.00;0.00;CNY;20151124
CHN;2016;WUH6201;C120550;511;10000001;0.00;0.00;0.00;0.00;0.00;0.00;0.00;0.00;0.00;0.00;0.00;0.00;0.00;0.00;0.00;0.00;0.00;0.00;0.00;0.00;0.00;0.00;0.00;0.00;CNY;20151124
CHN;2016;WUH6201;C140030;411;10000001;0.00;0.00;0.00;0.00;0.00;0.00;0.00;0.00;0.00;0.00;0.00;0.00;0.00;0.00;0.00;0.00;0.00;0.00;0.00;0.00;0.00;0.00;0.00;0.00;CNY;20151124
CHN;2016;WUH6201;ZB15CHN001;211;10000001;0.00;0.00;0.00;0.00;0.00;0.00;0.00;0.00;0.00;0.00;0.00;0.00;0.00;0.00;0.00;0.00;0.00;0.00;0.00;0.00;0.00;0.00;0.00;0.00;CNY;20151124
CHN;2016;WUH6201;C130480;311;10000001;0.00;0.00;0.00;0.00;0.00;0.00;0.00;0.00;0.00;0.00;0.00;0.00;0.00;0.00;0.00;0.00;0.00;0.00;0.00;0.00;0.00;0.00;0.00;0.00;CNY;20151124
CHN;2016;WUH6201;C110870;700;10000001;0.00;0.00;0.00;0.00;0.00;0.00;0.00;0.00;0.00;0.00;0.00;0.00;0.00;0.00;0.00;0.00;0.00;0.00;0.00;0.00;0.00;0.00;0.00;0.00;CNY;20151124
CHN;2016;WUH6201;C140200;411;10000001;0.00;0.00;0.00;0.00;0.00;0.00;0.00;0.00;0.00;0.00;0.00;0.00;0.00;0.00;0.00;0.00;0.00;0.00;0.00;0.00;0.00;0.00;0.00;0.00;CNY;20151124
CHN;2016;WUH6201;C120643;411;10000001;0.00;0.00;0.00;0.00;0.00;0.00;0.00;0.00;0.00;0.00;0.00;0.00;0.00;0.00;0.00;0.00;0.00;0.00;0.00;0.00;0.00;0.00;0.00;0.00;CNY;20151124
CHN;2016;WUH6201;C130290;611;10000001;0.00;0.00;0.00;0.00;0.00;0.00;0.00;0.00;0.00;0.00;0.00;0.00;0.00;0.00;0.00;0.00;0.00;0.00;0.00;0.00;0.00;0.00;0.00;0.00;CNY;20151124
CHN;2016;WUH6201;C110911;511;10000001;0.00;0.00;0.00;0.00;0.00;0.00;0.00;0.00;0.00;0.00;0.00;0.00;0.00;0.00;0.00;0.00;0.00;0.00;0.00;0.00;0.00;0.00;0.00;0.00;CNY;20151124
CHN;2016;WUH6201;C120020;611;10000001;0.00;0.00;0.00;0.00;0.00;0.00;0.00;0.00;0.00;0.00;0.00;0.00;0.00;0.00;0.00;0.00;0.00;0.00;0.00;0.00;0.00;0.00;0.00;0.00;CNY;20151124
CHN;2016;WUH6201;C130070;411;10000001;0.00;0.00;0.00;0.00;0.00;0.00;0.00;0.00;0.00;0.00;0.00;0.00;0.00;0.00;0.00;0.00;0.00;0.00;0.00;0.00;0.00;0.00;0.00;0.00;CNY;20151124
CHN;2016;WUH6201;ZB15CHN003;311;10000001;0.00;0.00;0.00;0.00;0.00;0.00;0.00;0.00;0.00;0.00;0.00;0.00;0.00;0.00;0.00;0.00;0.00;0.00;0.00;0.00;0.00;0.00;0.00;0.00;CNY;20151124
CHN;2016;WUH6201;C120092;411;10000001;0.00;0.00;0.00;0.00;0.00;0.00;0.00;0.00;0.00;0.00;0.00;0.00;0.00;0.00;0.00;0.00;0.00;0.00;0.00;0.00;0.00;0.00;0.00;0.00;CNY;20151124
CHN;2016;WUH6201;C090242;411;10000001;0.00;0.00;0.00;0.00;0.00;0.00;0.00;0.00;0.00;0.00;0.00;0.00;0.00;0.00;0.00;0.00;0.00;0.00;0.00;0.00;0.00;0.00;0.00;0.00;CNY;20151124
CHN;2016;WUH6201;C120532;411;10000001;0.00;0.00;0.00;0.00;0.00;0.00;0.00;0.00;0.00;0.00;0.00;0.00;0.00;0.00;0.00;0.00;0.00;0.00;0.00;0.00;0.00;0.00;0.00;0.00;CNY;20151124
CHN;2016;WUH6201;ZB15GMW004;700;10000001;0.00;0.00;0.00;0.00;0.00;0.00;0.00;0.00;0.00;0.00;0.00;0.00;0.00;0.00;0.00;0.00;0.00;0.00;0.00;0.00;0.00;0.00;0.00;0.00;CNY;20151124
CHN;2016;WUH6201;C080053;511;10000001;0.00;0.00;0.00;0.00;0.00;0.00;0.00;0.00;0.00;0.00;0.00;0.00;0.00;0.00;0.00;0.00;0.00;0.00;0.00;0.00;0.00;0.00;0.00;0.00;CNY;20151124
CHN;2016;WUH6201;C120751;411;10000001;0.00;0.00;0.00;0.00;0.00;0.00;0.00;0.00;0.00;0.00;0.00;0.00;0.00;0.00;0.00;0.00;0.00;0.00;0.00;0.00;0.00;0.00;0.00;0.00;CNY;20151124
CHN;2016;WUH6201;C100320;102;10000001;0.00;0.00;0.00;0.00;0.00;0.00;0.00;0.00;0.00;0.00;0.00;0.00;0.00;0.00;0.00;0.00;0.00;0.00;0.00;0.00;0.00;0.00;0.00;0.00;CNY;20151124
CHN;2016;WUH6202;C100190;611;10000001;0.00;0.00;0.00;0.00;0.00;0.00;0.00;0.00;0.00;0.00;0.00;0.00;0.00;0.00;0.00;0.00;0.00;0.00;0.00;0.00;0.00;0.00;0.00;0.00;CNY;20151124
CHN;2016;WUH6202;C120450;611;10000001;0.00;0.00;0.00;0.00;0.00;0.00;0.00;0.00;0.00;0.00;0.00;0.00;0.00;0.00;0.00;0.00;0.00;0.00;0.00;0.00;0.00;0.00;0.00;0.00;CNY;20151124
CHN;2016;WUH6202;C120550;511;10000001;0.00;0.00;0.00;0.00;0.00;0.00;0.00;0.00;0.00;0.00;0.00;0.00;0.00;0.00;0.00;0.00;0.00;0.00;0.00;0.00;0.00;0.00;0.00;0.00;CNY;20151124
CHN;2016;WUH6202;C140030;411;10000001;0.00;0.00;0.00;0.00;0.00;0.00;0.00;0.00;0.00;0.00;0.00;0.00;0.00;0.00;0.00;0.00;0.00;0.00;0.00;0.00;0.00;0.00;0.00;0.00;CNY;20151124
CHN;2016;WUH6202;C140200;411;10000001;0.00;0.00;0.00;0.00;0.00;0.00;0.00;0.00;0.00;0.00;0.00;0.00;0.00;0.00;0.00;0.00;0.00;0.00;0.00;0.00;0.00;0.00;0.00;0.00;CNY;20151124
CHN;2016;WUH6202;C120643;411;10000001;0.00;0.00;0.00;0.00;0.00;0.00;0.00;0.00;0.00;0.00;0.00;0.00;0.00;0.00;0.00;0.00;0.00;0.00;0.00;0.00;0.00;0.00;0.00;0.00;CNY;20151124
CHN;2016;WUH6202;C120092;411;10000001;0.00;0.00;0.00;0.00;0.00;0.00;0.00;0.00;0.00;0.00;0.00;0.00;0.00;0.00;0.00;0.00;0.00;0.00;0.00;0.00;0.00;0.00;0.00;0.00;CNY;20151124
CHN;2016;WUH6202;C140470;411;10000001;0.00;0.00;0.00;0.00;0.00;0.00;0.00;0.00;0.00;0.00;0.00;0.00;0.00;0.00;0.00;0.00;0.00;0.00;0.00;0.00;0.00;0.00;0.00;0.00;CNY;20151124
CHN;2016;WUH6202;C090242;411;10000001;0.00;0.00;0.00;0.00;0.00;0.00;0.00;0.00;0.00;0.00;0.00;0.00;0.00;0.00;0.00;0.00;0.00;0.00;0.00;0.00;0.00;0.00;0.00;0.00;CNY;20151124
CHN;2016;WUH6202;C120532;411;10000001;0.00;0.00;0.00;0.00;0.00;0.00;0.00;0.00;0.00;0.00;0.00;0.00;0.00;0.00;0.00;0.00;0.00;0.00;0.00;0.00;0.00;0.00;0.00;0.00;CNY;20151124
CHN;2016;WUH6202;C120751;411;10000001;0.00;0.00;0.00;0.00;0.00;0.00;0.00;0.00;0.00;0.00;0.00;0.00;0.00;0.00;0.00;0.00;0.00;0.00;0.00;0.00;0.00;0.00;0.00;0.00;CNY;20151124
CHN;2016;WUH6202;C130217;411;10000001;0.00;0.00;0.00;0.00;0.00;0.00;0.00;0.00;0.00;0.00;0.00;0.00;0.00;0.00;0.00;0.00;0.00;0.00;0.00;0.00;0.00;0.00;0.00;0.00;CNY;20151124
CHN;2016;WUH6202;C120020;611;10000005;0.00;0.00;0.00;0.00;0.00;0.00;0.00;0.00;0.00;0.00;0.00;0.00;0.00;0.00;0.00;0.00;0.00;0.00;0.00;0.00;0.00;0.00;0.00;0.00;CNY;20151124
CHN;2016;WUH6202;C130070;411;10000005;0.00;0.00;0.00;0.00;0.00;0.00;0.00;0.00;0.00;0.00;0.00;0.00;0.00;0.00;0.00;0.00;0.00;0.00;0.00;0.00;0.00;0.00;0.00;0.00;CNY;20151124
CHN;2016;WUH6202;ZB15CHN003;311;10000005;0.00;0.00;0.00;0.00;0.00;0.00;0.00;0.00;0.00;0.00;0.00;0.00;0.00;0.00;0.00;0.00;0.00;0.00;0.00;0.00;0.00;0.00;0.00;0.00;CNY;20151124
CHN;2016;WUH6000;C140030;441;10000001;0.00;0.00;0.00;0.00;0.00;0.00;0.00;0.00;0.00;0.00;0.00;0.00;0.00;0.00;0.00;0.00;0.00;0.00;0.00;0.00;0.00;0.00;0.00;0.00;CNY;20151124
CHN;2016;WUH6000;C090280;700;10000001;0.00;0.00;0.00;0.00;0.00;0.00;0.00;0.00;0.00;0.00;0.00;0.00;0.00;0.00;0.00;0.00;0.00;0.00;0.00;0.00;0.00;0.00;0.00;0.00;CNY;20151124
CHN;2016;WUH6000;C130480;341;10000001;0.00;0.00;0.00;0.00;0.00;0.00;0.00;0.00;0.00;0.00;0.00;0.00;0.00;0.00;0.00;0.00;0.00;0.00;0.00;0.00;0.00;0.00;0.00;0.00;CNY;20151124
CHN;2016;WUH6000;C140200;441;10000001;0.00;0.00;0.00;0.00;0.00;0.00;0.00;0.00;0.00;0.00;0.00;0.00;0.00;0.00;0.00;0.00;0.00;0.00;0.00;0.00;0.00;0.00;0.00;0.00;CNY;20151124
CHN;2016;WUH6000;C120643;441;10000001;0.00;0.00;0.00;0.00;0.00;0.00;0.00;0.00;0.00;0.00;0.00;0.00;0.00;0.00;0.00;0.00;0.00;0.00;0.00;0.00;0.00;0.00;0.00;0.00;CNY;20151124
CHN;2016;WUH6000;C130290;641;10000001;0.00;0.00;0.00;0.00;0.00;0.00;0.00;0.00;0.00;0.00;0.00;0.00;0.00;0.00;0.00;0.00;0.00;0.00;0.00;0.00;0.00;0.00;0.00;0.00;CNY;20151124
CHN;2016;WUH6000;C140310;241;10000001;0.00;0.00;0.00;0.00;0.00;0.00;0.00;0.00;0.00;0.00;0.00;0.00;0.00;0.00;0.00;0.00;0.00;0.00;0.00;0.00;0.00;0.00;0.00;0.00;CNY;20151124
CHN;2016;WUH6000;C110911;541;10000001;0.00;0.00;0.00;0.00;0.00;0.00;0.00;0.00;0.00;0.00;0.00;0.00;0.00;0.00;0.00;0.00;0.00;0.00;0.00;0.00;0.00;0.00;0.00;0.00;CNY;20151124
CHN;2016;WUH6000;C120020;641;10000001;0.00;0.00;0.00;0.00;0.00;0.00;0.00;0.00;0.00;0.00;0.00;0.00;0.00;0.00;0.00;0.00;0.00;0.00;0.00;0.00;0.00;0.00;0.00;0.00;CNY;20151124
CHN;2016;WUH6000;C130070;441;10000001;0.00;0.00;0.00;0.00;0.00;0.00;0.00;0.00;0.00;0.00;0.00;0.00;0.00;0.00;0.00;0.00;0.00;0.00;0.00;0.00;0.00;0.00;0.00;0.00;CNY;20151124
CHN;2016;WUH6000;C140020;341;10000001;0.00;0.00;0.00;0.00;0.00;0.00;0.00;0.00;0.00;0.00;0.00;0.00;0.00;0.00;0.00;0.00;0.00;0.00;0.00;0.00;0.00;0.00;0.00;0.00;CNY;20151124
CHN;2016;WUH6000;C120092;441;10000001;0.00;0.00;0.00;0.00;0.00;0.00;0.00;0.00;0.00;0.00;0.00;0.00;0.00;0.00;0.00;0.00;0.00;0.00;0.00;0.00;0.00;0.00;0.00;0.00;CNY;20151124
CHN;2016;WUH6000;C100511;700;10000001;0.00;0.00;0.00;0.00;0.00;0.00;0.00;0.00;0.00;0.00;0.00;0.00;0.00;0.00;0.00;0.00;0.00;0.00;0.00;0.00;0.00;0.00;0.00;0.00;CNY;20151124
CHN;2016;WUH6000;C090242;441;10000001;0.00;0.00;0.00;0.00;0.00;0.00;0.00;0.00;0.00;0.00;0.00;0.00;0.00;0.00;0.00;0.00;0.00;0.00;0.00;0.00;0.00;0.00;0.00;0.00;CNY;20151124
CHN;2016;WUH6000;C120532;441;10000001;0.00;0.00;0.00;0.00;0.00;0.00;0.00;0.00;0.00;0.00;0.00;0.00;0.00;0.00;0.00;0.00;0.00;0.00;0.00;0.00;0.00;0.00;0.00;0.00;CNY;20151124
CHN;2016;WUH6000;ZB15GMW004;700;10000001;0.00;0.00;0.00;0.00;0.00;0.00;0.00;0.00;0.00;0.00;0.00;0.00;0.00;0.00;0.00;0.00;0.00;0.00;0.00;0.00;0.00;0.00;0.00;0.00;CNY;20151124
CHN;2016;WUH6000;C080053;541;10000001;0.00;0.00;0.00;0.00;0.00;0.00;0.00;0.00;0.00;0.00;0.00;0.00;0.00;0.00;0.00;0.00;0.00;0.00;0.00;0.00;0.00;0.00;0.00;0.00;CNY;20151124
CHN;2016;WUH6000;C140151;341;10000001;0.00;0.00;0.00;0.00;0.00;0.00;0.00;0.00;0.00;0.00;0.00;0.00;0.00;0.00;0.00;0.00;0.00;0.00;0.00;0.00;0.00;0.00;0.00;0.00;CNY;20151124
CHN;2016;WUH6000;C120751;441;10000001;0.00;0.00;0.00;0.00;0.00;0.00;0.00;0.00;0.00;0.00;0.00;0.00;0.00;0.00;0.00;0.00;0.00;0.00;0.00;0.00;0.00;0.00;0.00;0.00;CNY;20151124
CHN;2016;WUH6000;C130217;441;10000001;0.00;0.00;0.00;0.00;0.00;0.00;0.00;0.00;0.00;0.00;0.00;0.00;0.00;0.00;0.00;0.00;0.00;0.00;0.00;0.00;0.00;0.00;0.00;0.00;CNY;20151124
CHN;2016;WUH6000;C080041;700;10000001;0.00;0.00;0.00;0.00;0.00;0.00;0.00;0.00;0.00;0.00;0.00;0.00;0.00;0.00;0.00;0.00;0.00;0.00;0.00;0.00;0.00;0.00;0.00;0.00;CNY;20151124
CHN;2016;WUH6000;C090053;700;10000001;0.00;0.00;0.00;0.00;0.00;0.00;0.00;0.00;0.00;0.00;0.00;0.00;0.00;0.00;0.00;0.00;0.00;0.00;0.00;0.00;0.00;0.00;0.00;0.00;CNY;20151124
CHN;2016;WUH6000;C090131;700;10000001;0.00;0.00;0.00;0.00;0.00;0.00;0.00;0.00;0.00;0.00;0.00;0.00;0.00;0.00;0.00;0.00;0.00;0.00;0.00;0.00;0.00;0.00;0.00;0.00;CNY;20151124
CHN;2016;WUH6001;C120450;641;10000001;0.00;0.00;0.00;0.00;0.00;0.00;0.00;0.00;0.00;0.00;0.00;0.00;0.00;0.00;0.00;0.00;0.00;0.00;0.00;0.00;0.00;0.00;0.00;0.00;CNY;20151124
CHN;2016;WUH6001;C120550;541;10000001;0.00;0.00;0.00;0.00;0.00;0.00;0.00;0.00;0.00;0.00;0.00;0.00;0.00;0.00;0.00;0.00;0.00;0.00;0.00;0.00;0.00;0.00;0.00;0.00;CNY;20151124
CHN;2016;WUH6001;C140030;441;10000001;0.00;0.00;0.00;0.00;0.00;0.00;0.00;0.00;0.00;0.00;0.00;0.00;0.00;0.00;0.00;0.00;0.00;0.00;0.00;0.00;0.00;0.00;0.00;0.00;CNY;20151124
CHN;2016;WUH6001;C090280;700;10000001;0.00;0.00;0.00;0.00;0.00;0.00;0.00;0.00;0.00;0.00;0.00;0.00;0.00;0.00;0.00;0.00;0.00;0.00;0.00;0.00;0.00;0.00;0.00;0.00;CNY;20151124
CHN;2016;WUH6001;C130480;341;10000001;0.00;0.00;0.00;0.00;0.00;0.00;0.00;0.00;0.00;0.00;0.00;0.00;0.00;0.00;0.00;0.00;0.00;0.00;0.00;0.00;0.00;0.00;0.00;0.00;CNY;20151124
CHN;2016;WUH6001;C140200;441;10000001;0.00;0.00;0.00;0.00;0.00;0.00;0.00;0.00;0.00;0.00;0.00;0.00;0.00;0.00;0.00;0.00;0.00;0.00;0.00;0.00;0.00;0.00;0.00;0.00;CNY;20151124
CHN;2016;WUH6001;C120643;441;10000001;0.00;0.00;0.00;0.00;0.00;0.00;0.00;0.00;0.00;0.00;0.00;0.00;0.00;0.00;0.00;0.00;0.00;0.00;0.00;0.00;0.00;0.00;0.00;0.00;CNY;20151124
CHN;2016;WUH6001;C140310;241;10000001;0.00;0.00;0.00;0.00;0.00;0.00;0.00;0.00;0.00;0.00;0.00;0.00;0.00;0.00;0.00;0.00;0.00;0.00;0.00;0.00;0.00;0.00;0.00;0.00;CNY;20151124
CHN;2016;WUH6001;C110911;541;10000001;0.00;0.00;0.00;0.00;0.00;0.00;0.00;0.00;0.00;0.00;0.00;0.00;0.00;0.00;0.00;0.00;0.00;0.00;0.00;0.00;0.00;0.00;0.00;0.00;CNY;20151124
CHN;2016;WUH6001;C120020;641;10000001;0.00;0.00;0.00;0.00;0.00;0.00;0.00;0.00;0.00;0.00;0.00;0.00;0.00;0.00;0.00;0.00;0.00;0.00;0.00;0.00;0.00;0.00;0.00;0.00;CNY;20151124
CHN;2016;WUH6001;C130070;441;10000001;0.00;0.00;0.00;0.00;0.00;0.00;0.00;0.00;0.00;0.00;0.00;0.00;0.00;0.00;0.00;0.00;0.00;0.00;0.00;0.00;0.00;0.00;0.00;0.00;CNY;20151124
CHN;2016;WUH6001;C140020;341;10000001;0.00;0.00;0.00;0.00;0.00;0.00;0.00;0.00;0.00;0.00;0.00;0.00;0.00;0.00;0.00;0.00;0.00;0.00;0.00;0.00;0.00;0.00;0.00;0.00;CNY;20151124
CHN;2016;WUH6001;C090106;700;10000001;0.00;0.00;0.00;0.00;0.00;0.00;0.00;0.00;0.00;0.00;0.00;0.00;0.00;0.00;0.00;0.00;0.00;0.00;0.00;0.00;0.00;0.00;0.00;0.00;CNY;20151124
CHN;2016;WUH6001;C120092;441;10000001;0.00;0.00;0.00;0.00;0.00;0.00;0.00;0.00;0.00;0.00;0.00;0.00;0.00;0.00;0.00;0.00;0.00;0.00;0.00;0.00;0.00;0.00;0.00;0.00;CNY;20151124
CHN;2016;WUH6001;C090242;441;10000001;0.00;0.00;0.00;0.00;0.00;0.00;0.00;0.00;0.00;0.00;0.00;0.00;0.00;0.00;0.00;0.00;0.00;0.00;0.00;0.00;0.00;0.00;0.00;0.00;CNY;20151124
CHN;2016;WUH6001;C120532;441;10000001;0.00;0.00;0.00;0.00;0.00;0.00;0.00;0.00;0.00;0.00;0.00;0.00;0.00;0.00;0.00;0.00;0.00;0.00;0.00;0.00;0.00;0.00;0.00;0.00;CNY;20151124
CHN;2016;WUH6001;C080053;541;10000001;0.00;0.00;0.00;0.00;0.00;0.00;0.00;0.00;0.00;0.00;0.00;0.00;0.00;0.00;0.00;0.00;0.00;0.00;0.00;0.00;0.00;0.00;0.00;0.00;CNY;20151124
CHN;2016;WUH6001;C140151;341;10000001;0.00;0.00;0.00;0.00;0.00;0.00;0.00;0.00;0.00;0.00;0.00;0.00;0.00;0.00;0.00;0.00;0.00;0.00;0.00;0.00;0.00;0.00;0.00;0.00;CNY;20151124
CHN;2016;WUH6001;C120751;441;10000001;0.00;0.00;0.00;0.00;0.00;0.00;0.00;0.00;0.00;0.00;0.00;0.00;0.00;0.00;0.00;0.00;0.00;0.00;0.00;0.00;0.00;0.00;0.00;0.00;CNY;20151124
CHN;2016;WUH6001;C130217;441;10000001;0.00;0.00;0.00;0.00;0.00;0.00;0.00;0.00;0.00;0.00;0.00;0.00;0.00;0.00;0.00;0.00;0.00;0.00;0.00;0.00;0.00;0.00;0.00;0.00;CNY;20151124
CHN;2016;WUH6001;A140500;000;10000001;0.00;0.00;0.00;0.00;0.00;0.00;0.00;0.00;0.00;0.00;0.00;0.00;0.00;0.00;0.00;0.00;0.00;0.00;0.00;0.00;0.00;0.00;0.00;0.00;CNY;20151124
CHN;2016;WUH6001;ZB15CHN002;000;10000001;0.00;0.00;0.00;0.00;0.00;0.00;0.00;0.00;0.00;0.00;0.00;0.00;0.00;0.00;0.00;0.00;0.00;0.00;0.00;0.00;0.00;0.00;0.00;0.00;CNY;20151124
CHN;2016;WUH6001;A100002;000;10000001;0.00;0.00;0.00;0.00;0.00;0.00;0.00;0.00;0.00;0.00;0.00;0.00;0.00;0.00;0.00;0.00;0.00;0.00;0.00;0.00;0.00;0.00;0.00;0.00;CNY;20151124
CHN;2016;WUH6001;A120502;000;10000001;0.00;0.00;0.00;0.00;0.00;0.00;0.00;0.00;0.00;0.00;0.00;0.00;0.00;0.00;0.00;0.00;0.00;0.00;0.00;0.00;0.00;0.00;0.00;0.00;CNY;20151124
CHN;2016;WUH6001;A120501;000;10000001;0.00;0.00;0.00;0.00;0.00;0.00;0.00;0.00;0.00;0.00;0.00;0.00;0.00;0.00;0.00;0.00;0.00;0.00;0.00;0.00;0.00;0.00;0.00;0.00;CNY;20151124
CHN;2016;WUH3000;C120550;531;10000004;0.00;0.00;0.00;0.00;0.00;0.00;0.00;0.00;0.00;0.00;0.00;0.00;0.00;0.00;0.00;0.00;0.00;0.00;0.00;0.00;0.00;0.00;0.00;0.00;CNY;20151124
CHN;2016;WUH3000;C140030;431;10000004;0.00;0.00;0.00;0.00;0.00;0.00;0.00;0.00;0.00;0.00;0.00;0.00;0.00;0.00;0.00;0.00;0.00;0.00;0.00;0.00;0.00;0.00;0.00;0.00;CNY;20151124
CHN;2016;WUH3000;C140200;431;10000004;0.00;0.00;0.00;0.00;0.00;0.00;0.00;0.00;0.00;0.00;0.00;0.00;0.00;0.00;0.00;0.00;0.00;0.00;0.00;0.00;0.00;0.00;0.00;0.00;CNY;20151124
CHN;2016;WUH3000;C120643;431;10000004;0.00;0.00;0.00;0.00;0.00;0.00;0.00;0.00;0.00;0.00;0.00;0.00;0.00;0.00;0.00;0.00;0.00;0.00;0.00;0.00;0.00;0.00;0.00;0.00;CNY;20151124
CHN;2016;WUH3000;C130290;631;10000004;0.00;0.00;0.00;0.00;0.00;0.00;0.00;0.00;0.00;0.00;0.00;0.00;0.00;0.00;0.00;0.00;0.00;0.00;0.00;0.00;0.00;0.00;0.00;0.00;CNY;20151124
CHN;2016;WUH3000;C140310;231;10000004;0.00;0.00;0.00;0.00;0.00;0.00;0.00;0.00;0.00;0.00;0.00;0.00;0.00;0.00;0.00;0.00;0.00;0.00;0.00;0.00;0.00;0.00;0.00;0.00;CNY;20151124
CHN;2016;WUH3000;C130070;431;10000004;0.00;0.00;0.00;0.00;0.00;0.00;0.00;0.00;0.00;0.00;0.00;0.00;0.00;0.00;0.00;0.00;0.00;0.00;0.00;0.00;0.00;0.00;0.00;0.00;CNY;20151124
CHN;2016;WUH3000;C140020;331;10000004;0.00;0.00;0.00;0.00;0.00;0.00;0.00;0.00;0.00;0.00;0.00;0.00;0.00;0.00;0.00;0.00;0.00;0.00;0.00;0.00;0.00;0.00;0.00;0.00;CNY;20151124
CHN;2016;WUH3000;ZB15CHN003;331;10000004;0.00;0.00;0.00;0.00;0.00;0.00;0.00;0.00;0.00;0.00;0.00;0.00;0.00;0.00;0.00;0.00;0.00;0.00;0.00;0.00;0.00;0.00;0.00;0.00;CNY;20151124
CHN;2016;WUH3000;C120092;431;10000004;0.00;0.00;0.00;0.00;0.00;0.00;0.00;0.00;0.00;0.00;0.00;0.00;0.00;0.00;0.00;0.00;0.00;0.00;0.00;0.00;0.00;0.00;0.00;0.00;CNY;20151124
CHN;2016;WUH3000;C140470;431;10000004;0.00;0.00;0.00;0.00;0.00;0.00;0.00;0.00;0.00;0.00;0.00;0.00;0.00;0.00;0.00;0.00;0.00;0.00;0.00;0.00;0.00;0.00;0.00;0.00;CNY;20151124
CHN;2016;WUH3000;C090242;431;10000004;0.00;0.00;0.00;0.00;0.00;0.00;0.00;0.00;0.00;0.00;0.00;0.00;0.00;0.00;0.00;0.00;0.00;0.00;0.00;0.00;0.00;0.00;0.00;0.00;CNY;20151124
CHN;2016;WUH3000;C120532;431;10000004;0.00;0.00;0.00;0.00;0.00;0.00;0.00;0.00;0.00;0.00;0.00;0.00;0.00;0.00;0.00;0.00;0.00;0.00;0.00;0.00;0.00;0.00;0.00;0.00;CNY;20151124
CHN;2016;WUH3000;C140151;331;10000004;0.00;0.00;0.00;0.00;0.00;0.00;0.00;0.00;0.00;0.00;0.00;0.00;0.00;0.00;0.00;0.00;0.00;0.00;0.00;0.00;0.00;0.00;0.00;0.00;CNY;20151124
CHN;2016;WUH3000;C120751;431;10000004;0.00;0.00;0.00;0.00;0.00;0.00;0.00;0.00;0.00;0.00;0.00;0.00;0.00;0.00;0.00;0.00;0.00;0.00;0.00;0.00;0.00;0.00;0.00;0.00;CNY;20151124
CHN;2016;WUH3000;C130217;431;10000004;0.00;0.00;0.00;0.00;0.00;0.00;0.00;0.00;0.00;0.00;0.00;0.00;0.00;0.00;0.00;0.00;0.00;0.00;0.00;0.00;0.00;0.00;0.00;0.00;CNY;20151124
CHN;2016;SALES;C100190;602;10000006;0.00;0.00;0.00;0.00;0.00;0.00;0.00;0.00;0.00;0.00;0.00;0.00;0.00;0.00;0.00;0.00;0.00;0.00;0.00;0.00;0.00;0.00;0.00;0.00;CNY;20151124
CHN;2016;SALES;C120550;502;10000006;0.00;0.00;0.00;0.00;0.00;0.00;0.00;0.00;0.00;0.00;0.00;0.00;0.00;0.00;0.00;0.00;0.00;0.00;0.00;0.00;0.00;0.00;0.00;0.00;CNY;20151124
CHN;2016;SALES;C140030;402;10000006;0.00;0.00;0.00;0.00;0.00;0.00;0.00;0.00;0.00;0.00;0.00;0.00;0.00;0.00;0.00;0.00;0.00;0.00;0.00;0.00;0.00;0.00;0.00;0.00;CNY;20151124
CHN;2016;SALES;ZB15CHN001;202;10000006;0.00;0.00;0.00;0.00;0.00;0.00;0.00;0.00;0.00;0.00;0.00;0.00;0.00;0.00;0.00;0.00;0.00;0.00;0.00;0.00;0.00;0.00;0.00;0.00;CNY;20151124
CHN;2016;SALES;C140020;302;10000006;0.00;0.00;0.00;0.00;0.00;0.00;0.00;0.00;0.00;0.00;0.00;0.00;0.00;0.00;0.00;0.00;0.00;0.00;0.00;0.00;0.00;0.00;0.00;0.00;CNY;20151124
CHN;2016;SALES;ZB15CHN003;302;10000006;0.00;0.00;0.00;0.00;0.00;0.00;0.00;0.00;0.00;0.00;0.00;0.00;0.00;0.00;0.00;0.00;0.00;0.00;0.00;0.00;0.00;0.00;0.00;0.00;CNY;20151124
CHN;2016;SALES;C120092;402;10000006;0.00;0.00;0.00;0.00;0.00;0.00;0.00;0.00;0.00;0.00;0.00;0.00;0.00;0.00;0.00;0.00;0.00;0.00;0.00;0.00;0.00;0.00;0.00;0.00;CNY;20151124
CHN;2016;SALES;C140470;402;10000006;0.00;0.00;0.00;0.00;0.00;0.00;0.00;0.00;0.00;0.00;0.00;0.00;0.00;0.00;0.00;0.00;0.00;0.00;0.00;0.00;0.00;0.00;0.00;0.00;CNY;20151124
CHN;2016;SALES;C090242;402;10000006;0.00;0.00;0.00;0.00;0.00;0.00;0.00;0.00;0.00;0.00;0.00;0.00;0.00;0.00;0.00;0.00;0.00;0.00;0.00;0.00;0.00;0.00;0.00;0.00;CNY;20151124
CHN;2016;SALES;C120532;402;10000006;0.00;0.00;0.00;0.00;0.00;0.00;0.00;0.00;0.00;0.00;0.00;0.00;0.00;0.00;0.00;0.00;0.00;0.00;0.00;0.00;0.00;0.00;0.00;0.00;CNY;20151124
CHN;2016;SALES;C130217;402;10000006;0.00;0.00;0.00;0.00;0.00;0.00;0.00;0.00;0.00;0.00;0.00;0.00;0.00;0.00;0.00;0.00;0.00;0.00;0.00;0.00;0.00;0.00;0.00;0.00;CNY;20151124
CHN;2016;SALES;C140200;402;10000007;0.00;0.00;0.00;0.00;0.00;0.00;0.00;0.00;0.00;0.00;0.00;0.00;0.00;0.00;0.00;0.00;0.00;0.00;0.00;0.00;0.00;0.00;0.00;0.00;CNY;20151124
CHN;2016;SALES;C130070;402;10000007;0.00;0.00;0.00;0.00;0.00;0.00;0.00;0.00;0.00;0.00;0.00;0.00;0.00;0.00;0.00;0.00;0.00;0.00;0.00;0.00;0.00;0.00;0.00;0.00;CNY;20151124
CHN;2016;SALES;C120092;402;10000007;0.00;0.00;0.00;0.00;0.00;0.00;0.00;0.00;0.00;0.00;0.00;0.00;0.00;0.00;0.00;0.00;0.00;0.00;0.00;0.00;0.00;0.00;0.00;0.00;CNY;20151124
CHN;2016;SALES;C090242;402;10000007;0.00;0.00;0.00;0.00;0.00;0.00;0.00;0.00;0.00;0.00;0.00;0.00;0.00;0.00;0.00;0.00;0.00;0.00;0.00;0.00;0.00;0.00;0.00;0.00;CNY;20151124
CHN;2016;SALES;C140020;302;10000008;0.00;0.00;0.00;0.00;0.00;0.00;0.00;0.00;0.00;0.00;0.00;0.00;0.00;0.00;0.00;0.00;0.00;0.00;0.00;0.00;0.00;0.00;0.00;0.00;CNY;20151124
CHN;2016;SALES;ZB15CHN003;302;10000008;0.00;0.00;0.00;0.00;0.00;0.00;0.00;0.00;0.00;0.00;0.00;0.00;0.00;0.00;0.00;0.00;0.00;0.00;0.00;0.00;0.00;0.00;0.00;0.00;CNY;20151124
